,ET,I,Perc,Qs,Qf,Qb,Qin,S0,S1,S2,S3,Qout_mm,Qraw_mm,Q_m3s
2020-01-01,0.0,0.17195258383386983,0.017687133719518456,0.1400821161904897,0.0007977840446031754,0.0009964659077668322,0.14187636614285973,0.1283363689267074,0.15426545011435136,0.007329683060712426,0.00856320070643602,0.060430768164868934,0.14187636614285973,0.001398860374186781
2020-01-02,0.015104063752622325,6.5720812171704965,1.8752464345927145,9.087497955657868,0.08530308801665619,0.10654109747736054,9.279342141151886,1.1715400014828354,4.851100232692134,0.7837266281417649,0.9155685047240812,3.9988839032117145,9.279342141151886,0.09256675701878969
2020-01-03,0.3224587184059317,5.328239336588745,3.1763752911840966,7.146502793031923,0.22020128534241737,0.27438772757399,7.641091805948331,1.1708943590270469,7.0029642780967825,2.0231109434185788,2.357970467714956,6.314613456164713,7.641091805948331,0.14617160778159058
2020-01-04,0.4377900839162679,1.013760141295652,2.344243675145084,1.0685591266274874,0.30432443740602394,0.37785760207129504,1.7507411661048065,0.5139234120569713,5.672480744247352,2.7959968476497834,3.247146199151516,4.714777348689809,1.7507411661048065,0.10913836455300485
2020-01-05,0.3314781704837081,1.419235500532507,2.0057532374695373,1.5708547064247353,0.3649224212896625,0.4514721114403473,2.387249239154745,0.644576051193495,5.085963007310321,3.352744026275248,3.879757725265578,3.3550541284535793,2.387249239154745,0.07766329001049953
2020-01-06,0.3069906983440886,2.465439768095228,2.1725576961377833,2.956674255692964,0.42709593821014147,0.5268108107955678,3.9105810046986735,0.8918844163836157,5.378845079267766,3.923966497919974,4.527186200752925,3.373586040326215,3.9105810046986735,0.07809226945199571
2020-01-07,0.33586123188036676,6.3243076703991665,3.793063708763574,8.696226103923438,0.5562600271378055,0.6855932861538747,9.938079417215118,1.1760366237113793,7.910089040903358,5.110668389327649,5.8916947048171435,6.207813922702768,9.938079417215118,0.14369939635886037
2020-01-08,0.4866966730018051,5.58004412087366,4.544497565853404,7.534588451223746,0.706639172101689,0.870159464359296,9.11138708768473,1.1758767038628513,8.945635595923616,6.492284728965594,7.477777294571617,7.9934442730041475,9.11138708768473,0.18503343224546637
2020-01-09,0.5422058839747419,7.92030204147103,6.03749540498203,11.252549243911407,0.9095994142766958,1.1196003173179851,13.281748975506089,1.1110653540307034,10.828442232412614,8.356992677353055,9.621365019571504,10.516708275720086,13.281748975506089,0.24344232119722423
2020-01-10,0.639695882542936,1.5422686019030274,4.070365934627455,1.7277643640208389,1.0039092534939085,1.2322152875852257,3.9638889050999735,0.6797214238437053,8.300344899688186,9.223469308021643,10.589129782451238,8.171992613981734,3.9638889050999735,0.18916649569402164
2020-01-11,0.48119155528913343,0.07752036015324722,2.479380265121005,0.056253247086775676,1.0171997958165817,1.2434579854195014,2.316911028322859,0.06475626131454892,5.8984849947204285,9.345576867817018,10.685744706540785,5.15633126281833,2.316911028322859,0.11935951997264653
2020-01-12,0.31967770801800244,7.6205278964798895,4.556875721901463,10.76616350238937,1.1228918748116359,1.3705716825853356,13.259627059786341,1.1295027804895277,8.962137169298856,10.316628427825172,11.77810531103712,8.088090948925398,13.259627059786341,0.18722432752142126
2020-01-13,0.540621273447253,4.609667235579417,4.579521304247936,6.054015895362631,1.2192307615292723,1.485711313872907,8.75895797076481,1.1416881102487562,8.992283100630338,11.201747039608628,12.76756592809942,9.02230334173887,8.75895797076481,0.20884961439210345
2020-01-14,0.5428862949256452,6.734757648139992,5.523778684262536,9.345561191797275,1.3487041623959037,1.6420472047238563,12.336312558917037,1.1674151487717985,10.203262064507793,12.391290750798062,14.11104953405276,10.53227236488434,12.336312558917037,0.2438026010389894
2020-01-15,0.609179203346164,3.3937978206987034,4.590363439232194,4.263332354921347,1.423366578850191,1.7295000149432493,7.416198948714787,1.0343959461904486,9.006696445974303,13.07725564676067,14.862581483528905,9.477454024388559,7.416198948714787,0.21938550982380922
2020-01-16,0.5379459896180717,1.447058906209031,3.285687053173624,1.606172363239475,1.4318523451660004,1.7343335921194967,4.772358300524973,0.6526908118276795,7.16806829900971,13.15521907313264,14.904119173045062,7.228701696334078,4.772358300524973,0.16733105778551108
2020-01-17,0.41904862633968243,6.346262919899227,4.55486861907289,8.730808197297701,1.4967520134776804,1.8101670714640128,12.037727282239395,1.1757267388714752,8.959462599836048,13.751488204720237,15.55579957558866,8.870238459356537,12.037727282239395,0.20532959396658648
2020-01-18,0.5429391921144147,1.482975241903021,3.281163208568764,1.65190857152866,1.49783028939238,1.806337332930068,4.956076193851109,0.6630201083596123,7.161274633170306,13.76139492165725,15.52288844489796,7.581609799062447,4.956076193851109,0.17550022683014924
2020-01-19,0.419234412950214,4.861827647170219,3.9254479979014048,6.4347589320610385,1.52786340236743,1.8392048068293263,9.801827141257794,1.1545682118401732,8.09765428243912,14.037325733915074,15.805337421344785,8.229256763558537,9.801827141257794,0.19049205471200317
2020-01-20,0.49560928343863514,5.54050384492845,4.608018551763542,7.473476890622591,1.5857360666813016,1.9071012663409037,10.966314223644796,1.1752657783361826,9.030139575604029,14.569033895001043,16.388810479000153,9.558083694259802,10.966314223644796,0.22125193736712503
2020-01-21,0.5467037814679133,4.52983807702384,4.5744459848239405,5.9341012782420455,1.6364137063421806,1.9660290117675177,9.536543996351744,1.1369891779249723,8.985531667803928,15.034637386938508,16.89521025377693,9.788107327916764,9.536543996351744,0.22657655851659173
2020-01-22,0.5422741309383583,7.413322627963943,5.825631021470967,10.431585435208314,1.7385519964650635,2.0893041774089554,14.259441609082334,1.140632818898382,10.573223274296902,15.973038323919152,17.954584164393236,11.702354966893681,14.259441609082334,0.27088784645587227
2020-01-23,0.6275874746477037,0.8629411739167631,3.6833427605887383,0.8885592754477898,1.7340358701747565,2.0790363494803175,4.701631495102864,0.45849441507296174,7.752821687624927,15.931546175017418,17.86634685422863,9.088374968949534,4.701631495102864,0.21037905020716516
2020-01-24,0.44005796547022896,1.9374934306666098,2.9835653315859916,2.2436356268366993,1.6983993488246703,2.030414419728916,5.972449395390285,0.7807972719820944,6.7067497867055454,15.60413375225786,17.448510840020596,7.20138812367104,5.972449395390285,0.16669879915905186
2020-01-25,0.4011377580355352,12.087526020650724,6.928787456435904,18.260254066742775,1.8442114278841326,2.209128414380773,22.31359390900768,0.6084093225344915,11.865488350920367,16.943789932598005,18.984302273851448,13.344482337366763,22.31359390900768,0.30890005410571214
2020-01-26,0.668528853890146,2.141923744786526,4.767289315506781,2.516761472152832,1.8782156470529654,2.2474384124999376,6.642415531705735,0.8267877435287287,9.240122780200114,17.25620549282461,19.31352196957872,11.731999270231812,6.642415531705735,0.27157405718129196
2020-01-27,0.5394058368180812,2.2665130120152743,3.7122365395969226,2.6851084029810557,1.8612935399719932,2.2223150610933597,6.768717004046408,0.8529250223923572,7.794399252618465,17.100732739938636,19.097622660996265,9.135828034149704,6.768717004046408,0.21147750079050237
2020-01-28,0.4632894442576606,1.1655509845743062,2.7005267389887653,1.2537007075140651,1.800398983211606,2.1428123051917543,5.196911995917425,0.5657277804495395,6.259423498204006,16.54126078233861,18.41441006918169,7.005076038364058,5.196911995917425,0.1621545379250939
2020-01-29,0.3657037981697133,0.4354057611155445,1.8640773042413992,0.40593725823559873,1.7077534455139634,2.024472361422468,4.13816306517203,0.2737324053668295,4.830751955078151,15.690075009814448,17.39744733901082,5.437452811637724,4.13816306517203,0.12586696323235472
2020-01-30,0.27356184557586427,2.6587987379598856,2.1499487687615972,3.223711651566731,1.6370962285771145,1.9345733143094623,6.795381194453308,0.9266809366843036,5.33960192427644,15.040908096033025,16.62489347866726,5.764969945543612,6.795381194453308,0.1334483783690651
2020-01-31,0.335610153500789,1.127449672636938,1.783785404067349,1.20687908314988,1.5568587331502302,1.8334159458340384,4.597153762134148,0.5530731457009983,4.6832661928460295,14.30372186745038,15.755590432332985,5.370687896932869,4.597153762134148,0.12432147909566825
2020-02-01,0.2805290190633555,1.4546559526463734,1.6691243554841726,1.6158329100591946,1.4793254453438782,1.7363430373135778,4.831501392716651,0.6548892766646075,4.46879779000823,13.591380689258186,14.921387483351896,5.053359263555602,4.831501392716651,0.1169759088786019
2020-02-02,0.27445238700795405,0.14854996337066684,1.1620911777993115,0.1184732635957415,1.386532847556875,1.6208231968434295,3.125829307996046,0.11341366269024511,3.455256575579585,12.738843794393102,13.928659511615987,4.18172557821905,3.125829307996046,0.09679920319951503
2020-02-03,0.1912822179760665,3.288764060732018,1.8815159660845515,4.112570272731177,1.3352985725585655,1.557876022792976,7.005744868082719,1.0212000225872355,4.862504670227052,12.268126185883165,13.387718490858932,5.223094454876099,7.005744868082719,0.12090496423324303
2020-02-04,0.3150649133533424,3.1662023602798337,2.3487013906504495,3.937532538277988,1.3101659566067634,1.5278107482032859,6.775509243088037,1.0049185850031677,5.680005639856438,12.037218948944195,13.129350413638301,6.109978537132434,6.775509243088037,0.14143468835954712
2020-02-05,0.3580258338441,1.8302998464594777,2.1575296749175674,2.102059445051854,1.2788774693347085,1.4901090513158541,4.871045965702416,0.7550439560319151,5.352775811398348,11.749754319004936,12.805358197844566,5.725445476187315,4.871045965702416,0.1325334600969286
2020-02-06,0.3271772012503765,5.291000759838624,3.3618406125740163,7.0893328487363645,1.3049810737752587,1.524186272027643,9.918500194539266,1.1699347763546069,7.281935958662957,11.989582563986456,13.09820321963416,7.414109349650301,9.918500194539266,0.17162290161227547
2020-02-07,0.45269521951116287,8.823777335917073,5.693497988588236,12.734327045204287,1.4336925553579838,1.68607339358182,15.854092994144091,1.0396151236821396,10.412215305991795,13.172126101498995,14.489391721770053,11.349060936025879,15.854092994144091,0.2627097438894879
2020-02-08,0.6135765805659479,1.1448065458110581,3.7329247420912663,1.2281804200300899,1.461337538739151,1.7206302919595755,4.410148250728817,0.5588659384924295,7.824097109711587,13.426115846936192,14.786358887725395,9.112688288670782,4.410148250728817,0.2109418585340459
2020-02-09,0.44922371090642277,2.4596551373598494,3.217874143692181,2.9487310390349366,1.4630373897792246,1.722567942742905,6.134336371557066,0.8907978075843364,7.065878103379256,13.4417333181785,14.80301022765314,7.305150377424328,6.134336371557066,0.1691007031811187
2020-02-10,0.4262485943759453,0.9371780520155691,2.3391610827194773,0.9766339977133164,1.424935740492071,1.6747982774107977,4.076368015616185,0.48630367614067405,5.663895072675348,13.091672402252101,14.392498208396148,5.644097801036965,4.076368015616185,0.13065041206104086
2020-02-11,0.3295471950449769,8.28394093690454,4.741514180661757,11.846146738242789,1.4989330458884988,1.7673528316807934,15.112432615812082,1.0851092365585124,9.206321828918131,13.771526555229482,15.187872358511232,9.399747558043485,15.112432615812082,0.2175867490287844
2020-02-12,0.5513486596504581,0.9157493874350908,3.1536629992867935,0.9511032098419255,1.4940462945291257,1.760802732719625,4.205952237090676,0.47838425607373214,6.968408217066428,13.726629268923729,15.131583616855025,7.96035278845947,4.205952237090676,0.184267425658784
2020-02-13,0.3990630703835152,0.19454398053877764,2.0314148282422377,0.16135277742615226,1.439019845071442,1.6917096572188608,3.292082279716455,0.1423309438684297,5.1315373693629684,13.22107085720875,14.537827354521939,5.58829576161741,3.292082279716455,0.12935869818558818
2020-02-14,0.2826907623447673,3.2128368551524713,2.4667803143137204,4.004020151206556,1.4090320418125906,1.6543464218645705,7.067398614883717,1.0112275546488547,5.877593910201719,12.945556330362438,14.21674373200481,5.80095250689889,7.067398614883717,0.13428130803006688
2020-02-15,0.36895487354746853,6.54235663633984,4.09098438024772,9.040443576874674,1.455248075523375,1.712382957049912,12.208074609447962,1.172194222853932,8.32896616629384,13.370168581904455,14.715484828137228,8.633467323154694,12.208074609447962,0.19984878062858086
2020-02-16,0.5089489171938502,3.7110305880433336,3.932465251373273,4.722731010165154,1.489777531584877,1.7554392447530844,7.967947786503115,1.0701985664473916,8.107531502963901,13.687409783833347,15.085492101243648,8.891923460571649,7.967947786503115,0.20583156158730667
2020-02-17,0.4916463529473305,6.878597614329285,5.194927839479579,9.574499041028394,1.5778614053709052,1.8651326973094147,13.017493143708714,1.163011906482911,9.791201277813608,14.496685028154038,16.028150593722216,10.623218867094886,13.017493143708714,0.24590784414571493
2020-02-18,0.586853337300608,1.6007077883857852,3.6652224386641166,1.802943080982298,1.5883011836892669,1.8772108422056777,5.2684551068772425,0.6957664475056395,7.726686627535276,14.592601043039682,16.131944991605742,8.676016827731027,5.2684551068772425,0.20083372286414417
2020-02-19,0.4512909420914824,4.736496270282118,4.109105665673228,6.245150091867023,1.6177377042818344,1.9130377021443292,9.775925498293187,1.1485344069986319,8.354077232144165,14.86305063126249,16.439825662629996,8.719384730885992,9.775925498293187,0.2018376095112498
2020-02-20,0.5090353470115393,1.1976739140612946,2.929406825475896,1.2933490384865127,1.591074057194856,1.8786676785832273,4.763090774264596,0.5762234361400345,6.622344320729564,14.618076964877059,16.14446441871324,7.097630339696635,4.763090774264596,0.16429699860408878
2020-02-21,0.38571957769749354,1.4636931951804932,2.3700542189887797,1.6273343795476622,1.5417979018334267,1.816367199507183,4.985499480888272,0.6574949691423058,5.715983296921277,14.165349683988211,15.609080817250259,5.878745259527582,4.985499480888272,0.1360820661927681
2020-02-22,0.341455248157804,1.5473662098117953,2.067699198664057,1.7343059154417577,1.4837208209351218,1.7435264857166168,4.961553222093496,0.6811372532430418,5.195650308069016,13.63176343473241,14.983118958518377,5.294874890619369,4.961553222093496,0.12256654839396687
2020-02-23,0.31481804498427307,1.6698057640800905,1.9247134761418514,1.8923484651306304,1.4248951096933677,1.670222835176803,4.987466410000801,0.7142232050419555,4.940742596007254,13.091299104642285,14.35317881988018,5.0810905305781375,4.987466410000801,0.11761783635597539
2020-02-24,0.3029136740542934,4.910339981565405,3.0466664913663477,6.508343077773773,1.4224497350729692,1.6677692055620872,9.59856201840883,1.1567119616758728,6.804416086206312,13.068832096116003,14.332093379137753,6.977790266383403,9.59856201840883,0.16152292283294914
2020-02-25,0.4263903409837013,7.2598364588792315,4.791908705575998,10.184620579296594,1.498964126070134,1.7638955954908624,13.44748030085759,1.1480053170007878,9.272343839509546,13.771812106040375,15.15816235322838,10.107360836570253,13.44748030085759,0.23396668603171883
2020-02-26,0.5582372875664374,1.4505190008340163,3.393645003102933,1.610571373534607,1.5048987919495276,1.7712260835876308,4.886696249071766,0.6536930193386032,7.3292178372406305,13.826337162365382,15.221157424469148,8.440830976478278,4.886696249071766,0.1953896059369972
2020-02-27,0.42774154105589995,0.7983010420416313,2.385529725206881,0.8127587505783846,1.464779542311184,1.7209968033834155,3.9985350962729838,0.4333915054673039,5.74198915407538,13.457739436612508,14.7895085297343,6.142608454123664,3.9985350962729838,0.14219001051212185
2020-02-28,0.3309165373531235,1.4550580718550992,2.043721628348485,1.6163444569159195,1.413180990296971,1.6567463036526504,4.686271750865541,0.6550054390660747,5.153325597581994,12.98367501377238,14.237367286973292,5.124587049369094,4.686271750865541,0.11862470021687717
2020-02-29,0.31115748007970523,0.8613707992635788,1.6266190968447651,0.8867077196724619,1.3478337522520214,1.575694134200439,3.8102356061249223,0.45789461143236254,4.388077300000808,12.383293811613022,13.540839699524954,4.426558263632388,3.8102356061249223,0.10246662647297194
2020-03-01,0.25963533708979214,4.57508890330187,2.70175968029388,6.002037047957686,1.3373955070857304,1.5636623235366702,8.903094878580088,1.1396900800699026,6.261406523008797,12.28739188264303,13.437443478166424,6.221895501867345,8.903094878580088,0.1440253588395219
2020-03-02,0.3963721382702142,1.7696410671294007,2.3495723261237043,2.0224717716309084,1.312096341971385,1.5330429725446626,4.867611086146956,0.7399430979180965,5.681475264014493,12.054954466473568,13.174313905943542,6.011698639076941,4.867611086146956,0.13915969071937362
2020-03-03,0.3439953555803012,2.9203994240003888,2.564007255700466,3.589478334013885,1.298952676373027,1.5176962087243404,6.406127219111253,0.9692736884893973,6.037867432314416,11.934196344343071,13.042430398677139,6.089376400851608,6.406127219111253,0.14095778705675016
2020-03-04,0.3753135220998066,3.17325729249314,2.797182205545032,3.9475818025443594,1.2976166134544351,1.5170858554087003,6.762284271407495,1.005882090507848,6.413942519262524,11.921921195687622,13.037185284014484,6.399226523790488,6.762284271407495,0.1481302436062613
2020-03-05,0.397424965139876,3.005022097707297,2.877706522830557,3.7088405447498944,1.3000437732288432,1.5210757393434808,6.529960057322219,0.982007718336317,6.541258094139263,11.944220854353986,13.071472635606352,6.512790217413792,6.529960057322219,0.15075903281050443
2020-03-06,0.4029793589529084,1.5983691032869483,2.3900510474825953,1.7999267337140639,1.280236823142497,1.497175972479555,4.577339529336116,0.6951321005103757,5.749576149943616,11.762243453935453,12.866088287885429,5.702229221888574,4.577339529336116,0.13199604680297625
2020-03-07,0.34526030943102237,7.240897028686649,4.331488411313713,10.154198540230569,1.34994328098968,1.585145027759777,13.089286848980025,1.1488628502714988,8.65898476731655,12.402675218347216,13.62205662603792,8.688376486113798,13.089286848980025,0.20111982606744905
2020-03-08,0.5253995398445938,8.870913065140654,6.3414102882573244,12.812260794076138,1.5034656168741403,1.7771804061233902,16.09290681707367,1.035260385668952,11.188487544199877,13.813169790638455,15.272326319006476,12.445091769031846,16.09290681707367,0.28808082798684825
2020-03-09,0.6549622124163013,2.4206955705187694,4.595569867467699,2.895304287273941,1.5631716413748977,1.8508407305293564,6.3093166591781955,0.8834085618235497,9.013613247250948,14.361722045307026,15.905331559901352,10.480516034419853,6.3093166591781955,0.2426045378337929
2020-03-10,0.530277120703951,6.335745689154141,5.355606800314088,8.714240153666298,1.6512987006577746,1.9596422744207638,12.325181128744836,1.175877354620832,9.993752136091,15.171394058661717,16.84032537178221,10.786737262336764,12.325181128744836,0.2496929921837214
2020-03-11,0.5983975470192477,1.8212605437194953,3.8392370622807324,2.090174766758777,1.6623789349295872,1.9716727907919116,5.724226492480276,0.7528182563714632,7.975775617529763,15.273194296458184,16.94371047054498,8.74815403419601,5.724226492480276,0.20250356560638913
2020-03-12,0.46768296515182806,3.150578810139822,3.5568951253466405,3.915289449524216,1.6596364175845264,1.9665425781630823,7.541468445271825,1.002773266399327,7.5694593023229455,15.247997273449531,16.899623623152664,7.826740426055271,7.541468445271825,0.18117454689942758
2020-03-13,0.4592089988685829,0.9295428942910133,2.525068379948391,0.9675274052971286,1.610622214728926,1.9038155890912598,4.481965209117314,0.4834917650696673,5.973933816665567,14.797676695048247,16.360574777682153,6.278338978615992,4.481965209117314,0.14533192080129614
2020-03-14,0.34601926642069986,5.340045296048548,3.633360640175389,7.164639843974814,1.6164090877475723,1.9100665211587513,10.691115452881139,1.1711864452503473,7.680618472538726,14.850843896656501,16.41429260734297,7.878871312276408,10.691115452881139,0.18238128037676868
2020-03-15,0.47413603630574996,8.102901978149099,5.549022810710419,11.550138444713303,1.708034505954587,2.023591338184899,15.281764288852788,1.0985151872044554,10.234497639977405,15.692657267462508,17.389876203107892,11.383915409342652,15.281764288852788,0.26351656040145033
2020-03-16,0.6071850582143297,1.8972313678716521,3.9706136485670056,2.1903224993068053,1.7194713948936529,2.0363575846430706,5.946151478843529,0.7712612020055571,8.161115359282054,15.797734288858212,17.499583850742468,9.704121796076837,5.946151478843529,0.22463244898326015
2020-03-17,0.47860143991134896,0.9793684119136384,2.7699252367199994,1.027147574983941,1.675628200393908,1.9801481843790487,4.682923959756898,0.5016493737811514,6.370558534475693,15.394922622936585,17.016544368611136,7.146197134899575,4.682923959756898,0.1654212299745272
2020-03-18,0.36824995874986066,3.4895308918926924,3.050210009548991,4.401336603912021,1.648730947857489,1.945588666584679,7.995656218354189,1.045831300679846,6.8098794168193955,15.147802694141872,16.719554692512673,7.060665315962539,7.995656218354189,0.16344132675839212
2020-03-19,0.4207791291539648,1.5044802417997507,2.4554999536417332,1.6793705876521572,1.5976493080170846,1.8811264611712197,5.1581463568404615,0.669127459825861,5.858859704977413,14.678487429209666,16.165594141898307,6.300471702211832,5.1581463568404615,0.14584425236601464
2020-03-20,0.3497345391636489,3.2775952058016014,2.768372413857098,4.096579561307515,1.5656940071669334,1.8410103216901859,7.503283890164635,1.0197561188741302,6.368082496921917,14.384896414290552,15.820853241817401,6.663768927768125,7.503283890164635,0.15425391036500288
2020-03-21,0.39570507399463717,2.4647840061936193,2.6519018700206587,2.9557736543275475,1.5316219641090716,1.7985139757147564,6.285909594151375,0.8917613715071271,6.180964633094877,14.07185771850002,15.455657867804765,6.593898568639907,6.285909594151375,0.15263654094073859
2020-03-22,0.3788579169741451,1.789359959810096,2.3269993334600825,2.0483012501321016,1.486239561839521,1.7421427897049446,5.2766836016765675,0.7448948684306114,5.64332525944489,13.654904499869254,14.971228068351147,6.008406542450485,5.2766836016765675,0.13908348477894644
2020-03-23,0.3422137265032535,1.9670945514145046,2.1941773295749933,2.2829349773195777,1.4393208701723812,1.6841645497723219,5.406420397264281,0.7877053573618706,5.416242481284401,13.223836541228291,14.472987936622399,5.640505075418083,5.406420397264281,0.13056724711615933
2020-03-24,0.3323189128067513,4.739623029562104,3.1670614039038054,6.249871664381651,1.4408899298696611,1.687040549217708,9.377802143469019,1.1486937148438532,6.9888041069427,13.23825236009832,14.497703042568807,7.176532685359278,9.377802143469019,0.16612344179072402
2020-03-25,0.43584880117307445,3.809336785028002,3.423977247675697,4.866277830334493,1.453893246753277,1.7040910080868843,8.024262085174655,1.0801080066256805,7.374163644295004,13.3577210209968,14.644227374505864,7.8454996933479455,8.024262085174655,0.18160878919786913
2020-03-26,0.45285668457447753,2.8437293137452033,3.1916849324728616,3.481765861053712,1.455142548975487,1.7062771955706086,6.6431856055998075,0.9573038956201252,7.026208025567346,13.369199051170238,14.663014532259192,7.421506416845316,6.6431856055998075,0.1717941300195675
2020-03-27,0.4276630812824788,0.8143152635506111,2.2789043718630975,0.8314576061048107,1.4150979503987346,1.6568108498228236,3.903366406326369,0.43969089644541715,5.56161891725486,13.001287185989922,14.237921969081045,5.824552138439201,3.903366406326369,0.13482759579720374
2020-03-28,0.3215819539289767,1.2600576345479224,1.9091158951024005,1.3707862619232323,1.362304657437989,1.5916673873886258,4.324758306749847,0.5961673824167821,4.912560656700382,12.51624601757939,13.678106987767364,4.887498006614861,4.324758306749847,0.11313652793089954
2020-03-29,0.295116612844493,5.869650211166893,3.4175536546234557,7.984083829808514,1.3827320877885618,1.618297312682807,10.985113230279884,1.1784572772877766,7.364657213243818,12.70392411320858,13.906953146290261,7.345019416923612,10.985113230279884,0.1700235976139725
2020-03-30,0.4575838731647701,7.619412857007528,5.19401998745537,10.764359457806776,1.4812824863382585,1.7422348092197864,13.987876753364821,1.1295662452021134,9.790050082795975,13.609361106794317,14.97201884460185,10.675579365124726,13.987876753364821,0.24711989271122056
2020-03-31,0.5850107234081168,10.750172566836172,7.757613533644255,15.965788375625525,1.6857910151960942,1.9976824156700916,19.64926180649171,0.8152623698896129,12.782609115987894,15.488294020883998,17.167226033290234,15.077942088594721,19.64926180649171,0.3490264372359889
2020-04-01,0.7287119325624991,2.279669781524796,5.228526746707724,2.7029659292556634,1.7561498912967768,2.084018205820485,6.543134026372925,0.8556052517131763,9.833752150804967,16.134719912470306,17.90915879129439,12.212248382038174,6.543134026372925,0.2826909347694022
2020-04-02,0.5727659558420972,0.643727456118161,3.295174453452806,0.6352209909466694,1.732397912747342,2.0524325635623946,4.420051467256406,0.3696394464313546,7.182305153470322,15.916497354611565,17.637725326296202,8.221517578087658,4.420051467256406,0.19031290690017727
2020-04-03,0.40474013053893476,0.44087725534373406,2.198858646418961,0.4117845002720193,1.6615277158348227,1.9623745509367083,4.035686767043551,0.2764261817862703,5.424323762395096,15.265373676050874,16.86380538450432,5.7458395985747766,4.035686767043551,0.13300554626330502
2020-04-04,0.3055278565378658,1.311065025128558,1.8784534097085201,1.4345183746435772,1.583162081903802,1.8636527294989718,4.8813331860463505,0.6120579552308585,4.856935377815134,14.545385273861276,16.015432384999663,4.999994006335335,4.8813331860463505,0.11574060199850313
2020-04-05,0.2929805625642228,7.722903787048275,4.158088555192164,10.931962204484773,1.6153124411000115,1.9036524599048772,14.450927105489662,1.1235131423011815,8.421750609671244,14.84076839764071,16.359172915407505,8.941888347870218,14.450927105489662,0.20698815620069946
2020-04-06,0.5113311339904371,4.432110376308018,4.27363280233579,5.787718281723752,1.6495186148515397,1.9459923447454512,9.383229241320743,1.130818948459348,8.580228183643474,15.155039426266098,16.723023729520918,9.913314462311474,9.383229241320743,0.22947487181276563
2020-04-07,0.5202164498717986,0.5278190216494523,2.7574286671487185,0.5060438377147637,1.6119782533730111,1.8984982606436154,4.0165203517313905,0.317883195240241,6.350618538144208,14.810135371737083,16.314879937182024,7.483084878567069,4.0165203517313905,0.1732195573742377
2020-04-08,0.3573958560380345,2.460583407902954,2.6436314510198127,2.9500055193553303,1.572989954988397,1.8495436321257601,6.372539106469487,0.8909723602903954,6.16757049502735,14.451928320381658,15.894184852443106,6.516531261097402,6.372539106469487,0.15084563104392135
2020-04-09,0.37809781755568345,0.23217354202983848,1.7602050457356477,0.19757085830479584,1.4979814673793899,1.7559209764979562,3.451473302182142,0.1648527182792735,4.63953899132154,13.762783877400391,15.089631897282674,5.089977993000569,3.451473302182142,0.11782356465279095
2020-04-10,0.1648527182792735,0.0,1.169199701116166,0.0,1.4036782454297492,1.6387608840155228,3.042439129445272,0.0,3.4703392902053745,12.896368043227247,14.082808303126713,3.9631900093682617,3.042439129445272,0.09174050947611717
2020-04-11,0.18605184473357056,0.3665340353932756,0.9182415416362019,0.33328836318159016,1.3073121822678329,1.5196745493797066,3.16027509482913,0.2388723356027289,2.9186317839624483,12.010999746426103,13.059431409916519,3.439258265773366,3.16027509482913,0.07961245985586496
2020-04-12,0.1691930411998584,4.723405461763133,2.2057784948900836,6.225387192980386,1.2784800976914572,1.4855392054434595,8.989406496115302,1.1478625155885442,5.436258750835497,11.746103446037434,12.766086902060355,5.7298756323183495,8.989406496115302,0.13263601000736921
2020-04-13,0.3525694737249661,8.950658571382,4.932175705768338,12.944248061268404,1.3754531940026349,1.6085630344530069,15.928264289724044,1.0277560864144455,9.454741616449159,12.637048891970016,13.823300933440471,10.531898041849685,15.928264289724044,0.2437939361539279
2020-04-14,0.5616130336259846,3.5033538994882467,4.317761360277964,4.421309017783016,1.4351941448916476,1.6841481345843814,7.5406512972590445,1.047436642000637,8.640334155659442,13.185922034676016,14.472846871536406,10.129183205382201,7.5406512972590445,0.23447183345792133
2020-04-15,0.5189989566942125,6.04931748959779,5.064559201894904,8.264577726886346,1.522755548613615,1.7939279523371616,11.581261227837123,1.1784245261043527,9.625092443362327,13.990397057678441,15.41624754947811,10.54277528419951,11.581261227837123,0.24404572417128498
2020-04-16,0.5787685923846176,3.596812024967805,4.429877598459741,4.5566420185593355,1.5730944878421858,1.8565077240635457,7.986244230465067,1.0579920478059393,8.79202686987039,14.452888721498836,15.954031272211724,9.551709924826945,7.986244230465067,0.22110439640803112
2020-04-17,0.5276935555248297,4.387440205729462,4.411800715516817,5.720963664308747,1.6176768433158928,1.9115459774760855,9.250186485100725,1.1278432992549927,8.767666360083036,14.862491467922313,16.427006420513084,9.218804058785107,9.250186485100725,0.2133982421015071
2020-04-18,0.5301069404631196,2.6679549925664436,3.6831202749123473,3.236428596173045,1.6250156659082386,1.9197945024239638,6.781238764505247,0.9282569322365051,7.752501077737131,14.929917288236188,16.497890706779355,8.143132814491,6.781238764505247,0.18849844477988426
2020-04-19,0.46505443087883314,3.263014169668293,3.511887277285691,4.075715458681317,1.6239105957468938,1.917536226544643,7.617162280972853,1.0178591815492037,7.503627970119734,14.91976439774245,16.478484052267245,7.717531783331523,7.617162280972853,0.1786465690586001
2020-04-20,0.4564829356495995,0.21920172052928624,2.235482336194938,0.18498152875334506,1.5653413290962868,1.843602654331748,3.59392551218138,0.15719299661697295,5.487347354454082,14.38165616588274,15.843130636893859,5.906948119153765,3.59392551218138,0.1367349101655964
2020-04-21,0.30255781511448193,1.0023843267886727,1.7917461667134336,1.0548384207877826,1.4925062957013309,1.7523762435009493,4.299720959990062,0.5098864382569932,4.6979855145293214,13.712480448327524,15.05916998196023,4.880250184129758,4.299720959990062,0.11296875426226292
2020-04-22,0.2790185695565324,7.874231667194761,4.154884369283187,11.177623185866938,1.5334108103563713,1.803794523160113,14.514828519383423,1.114075423397935,8.417332812440893,14.088292837910778,15.501036628143678,8.83263722245815,14.514828519383423,0.20445919496430903
2020-04-23,0.5105917526053306,1.1131492209608436,2.9211124948169194,1.1893644726771122,1.514650488319797,1.7803443331798912,4.484359294176801,0.5482647093790898,6.609369538584819,13.91593138799812,15.29951575137357,7.7745078152933305,4.484359294176801,0.17996545868734562
2020-04-24,0.3835352428476705,0.0643222486688834,1.8565946152015842,0.04542793265352857,1.4497162279918818,1.699365208319904,3.1945093689653143,0.054979285209007314,4.817097172052118,13.319344440433692,14.603615877827796,5.509753444841665,3.1945093689653143,0.12754058900096446
2020-04-25,0.2611817404856552,5.414636014791537,3.197184755919436,7.279364938733905,1.451623613563594,1.7023538480852598,10.433342400382758,1.17289768010256,7.03454843092422,13.336868646150517,14.629298966381555,7.200393145683171,10.433342400382758,0.16667576726118452
2020-04-26,0.4395900453809361,0.28633611839177864,2.0885544933960314,0.2511942838635695,1.4033386356387856,1.6425724388716918,3.297105358374047,0.19577723246627565,5.232330055919967,12.893247860329485,14.11556317108814,5.926374229202606,3.297105358374047,0.13718458863894925
2020-04-27,0.2909403386134233,0.41428139908604533,1.501073190955162,0.3834632871575887,1.333294723476578,1.5559246398330464,3.272682650467213,0.26323118567653114,4.14553826405085,12.249715716569037,13.370949142494126,4.499523604421119,3.272682650467213,0.10415563899122962
2020-04-28,0.23626700314733634,2.621073726992089,1.8895363611384917,3.171383382727952,1.287648012090924,1.50019411903149,5.959225513850366,0.9201203533218916,4.877075629904448,11.830334143969301,12.892024945109938,4.880471491395325,5.959225513850366,0.11297387711563255
2020-04-29,0.310463857542886,0.2380538075537189,1.3237190850564102,0.20331182491345903,1.2209605599711126,1.4183954760159707,2.8426678609005425,0.16829086331182763,3.7914103524017566,11.21763965418694,12.189082483961627,4.1233845694044735,2.8426678609005425,0.09544871688436282
2020-04-30,0.16829086331182763,0.0,0.9044249193045518,0.0,1.1419066787767749,1.321500846497792,2.463407525274567,0.0,2.886985433097205,10.491327943902075,11.356411588276478,3.25685255201957,2.463407525274567,0.07539010537082337
2020-05-01,0.15477707527407036,5.991179354817868,2.669212256258839,8.17367914207373,1.1502139668634055,1.3341315751824194,10.658024684119557,1.1785693128801604,6.208952531656235,10.567651592113565,11.464954654278,6.261738866194249,10.658024684119557,0.1449476589396817
2020-05-02,0.3956301944867724,5.958130887840696,3.9853373614035497,8.122065077541315,1.2170700801294208,1.419594185275007,10.758729342945742,1.1785946240267666,8.18174605809338,11.18189566508789,12.199383677302798,8.783987469635345,10.758729342945742,0.20333304327859597
2020-05-03,0.5013969571405906,2.73271416533347,3.470959586260141,3.3265512622311255,1.254162483667646,1.4671692218790553,6.047882967777827,0.9392235238330944,7.443500637166709,11.522684082372509,12.608223140731619,8.026788814318271,6.047882967777827,0.18580529662773776
2020-05-04,0.4490722409358618,2.5162801033573836,3.089489717185002,3.0266019456820947,1.2704076087390994,1.488293778925411,5.785303333346605,0.9013186380892959,6.870291023339091,11.671937027277686,12.789758525346933,6.860751144471596,5.785303333346605,0.15881368389980546
2020-05-05,0.4163229863590072,5.0366784870602,3.8772840330347984,6.700468576545861,1.320591853010491,1.5515995066884483,9.5726599362448,1.1618012386331635,8.029685477364492,12.13300742300569,13.333780802954786,7.812963951993587,9.5726599362448,0.18085564703688858
2020-05-06,0.49235047977160323,4.674083046308948,4.210260818359691,6.150997832071866,1.3808690906065753,1.6270658687291528,9.158932791407594,1.1452594420517404,8.493507705313748,12.68680772816762,13.982306356816819,8.60192663736896,9.158932791407594,0.19911867216131854
2020-05-07,0.5163361106130616,1.1142111378849273,2.951256570120534,1.1906639476316225,1.3784417697926483,1.6237355207724127,4.192841238196683,0.5486228898417163,6.656462273078141,12.664506589942167,13.953686774597745,6.850061673200752,4.192841238196683,0.15856624243520262
2020-05-08,0.38607905092350187,0.0634688222249428,1.8729717299901796,0.04473833875506931,1.327616316288957,1.5600034072354358,2.9323580622794623,0.054336677938202294,4.8469593653129035,12.19754505051412,13.406000320491577,4.820619102205626,2.9323580622794623,0.11158840514364873
2020-05-09,0.054336677938202294,0.0,1.23608585481926,0.0,1.2530528894183082,1.4670333337138532,2.7200862231321614,0.0,3.6108735104936436,11.512489626581305,12.607055376111491,3.579599734085138,2.7200862231321614,0.08286110495567449
2020-05-10,0.19358616594724046,0.9669772341709667,1.1494620832902487,1.0122784819343686,1.1819013399715768,1.378873882480524,3.573053704386469,0.49717580221732494,3.428388661374362,10.858781006747279,11.849450856783665,3.387869577568443,3.573053704386469,0.07842290688815841
2020-05-11,0.21027612878717938,2.2396312988283134,1.5083157291317424,2.648669033264305,1.13392016843381,1.3201211237171506,5.1027103254152655,0.8474019593842224,4.159704231070934,10.417951458158802,11.344554842352924,4.111752017211754,5.1027103254152655,0.09517944484286467
2020-05-12,0.26813207036330616,3.9761592600373095,2.3886454597962357,5.111099402729645,1.130356345791505,1.3170889680842686,7.558544716605418,1.0956968045030777,5.747218031312007,10.385208649338052,11.318497797094135,5.724154889695751,7.558544716605418,0.1325035854096239
2020-05-13,0.36646293313896133,0.3285410678051132,1.6476526507191889,0.2940318514956884,1.0937196174996484,1.2726264785695307,2.6603779475648675,0.21882171402115946,4.428106448397932,10.048606772455047,10.936406228627149,4.712958411568768,2.6603779475648675,0.10909625952705483
2020-05-14,0.24905135893028385,0.9872279670983822,1.423311925409308,1.0365930291649381,1.0505601508517215,1.2201595906473213,3.307312770663981,0.5044727081774876,3.992022490087006,9.652076892296757,10.485528292695705,3.8750034199258647,3.307312770663981,0.08969915323902465
2020-05-15,0.24088220960190426,3.1042906531250862,2.007407087750915,3.8494837261719583,1.0379829807128658,1.2060686889473127,6.093535395832137,0.9963230415841151,5.088906055461177,9.536523477131222,10.364437125951977,4.686497678660279,6.093535395832137,0.10848374256158054
2020-05-16,0.32587810969223446,2.5199028595674404,2.1935866051494837,3.031592703942955,1.035038062026845,1.2039356407404471,5.2705664067102465,0.9019830128434307,5.415222309879134,9.509466881108624,10.346106624356766,5.114360501891076,5.2705664067102465,0.11838797458081193
2020-05-17,0.3383492125848967,3.441643942873941,2.661070188026095,4.33223537199622,1.0534682159847528,1.228362239935728,6.6140658279167015,1.0401808654446842,6.195796064726981,9.678794894354105,10.556018343216898,5.813300306288923,6.6140658279167015,0.13456713671965098
2020-05-18,0.38755601863790645,0.25483174666744196,1.7780253531634587,0.21980428920699796,1.0302592537083004,1.2004933089281875,2.450556851843486,0.17798881093233787,4.672602458230964,9.465561327193655,10.31652470090432,4.5064628144499155,2.450556851843486,0.10431626885300731
2020-05-19,0.25998503227102654,1.0221626718651797,1.517374125993176,1.0787080467295385,0.997571699735866,1.160844647717319,3.2371243941827235,0.5168908666922878,4.177391004102968,9.165242698024969,9.975801108612998,3.6933355141365354,3.2371243941827235,0.08549387764204944
2020-05-20,0.2514814223774322,4.577142474951191,2.6220244975054325,6.005122429450289,1.017918345507089,1.1875631257943882,8.210603900751767,1.1398103299141518,6.132508981548726,9.352178581063129,10.205408251778792,5.495521838768412,8.210603900751767,0.12721115367519473
2020-05-21,0.38946808572820396,0.2929876568749229,1.7692192200096821,0.25788801918223664,0.9978017194087297,1.1634508264511818,2.4191405650421482,0.19946656812878816,4.656277418413967,9.167356015922495,9.998197491069197,4.555862940455031,2.4191405650421482,0.1054597902883109
2020-05-22,0.260253449869143,0.6371451432360974,1.3826817377143732,0.6277880007022605,0.9622248196123449,1.1200749809006396,2.710087801215245,0.36679742705986884,3.910740823935691,8.840491369337673,9.625444074855407,3.5371321143122993,2.710087801215245,0.0818780582016736
2020-05-23,0.22919367956815093,2.98824018804585,1.9366759081331675,3.6851300190690615,0.9551282038999918,1.1124316598174053,5.752689882786458,0.9795216340665185,4.962305103848372,8.775290837530731,9.55976065107812,4.3105263566779835,5.752689882786458,0.09978070270087926
2020-05-24,0.3181961469097061,4.507997295933274,2.897671490858702,5.901346557850582,0.9920742100286357,1.159726064494198,8.053146832373416,1.1356503753033138,6.572630908922944,9.114734220879917,9.966188484064803,6.081311623983833,8.053146832373416,0.14077110240703317
2020-05-25,0.4128423974081146,5.500881102078753,3.946394002282964,7.412301370049852,1.072696610549833,1.2611740805193117,9.746172061118997,1.1745900817025579,8.127118008718732,9.855456785353024,10.837989230805515,7.964448361294652,9.746172061118997,0.18436223058552437
2020-05-26,0.4982550062775565,2.628105648775289,3.406677272422521,3.181129099552841,1.1210610943771229,1.3216407030278319,5.623830896957796,0.9213514869195176,7.3485463850715,10.299808035853799,11.357613455322307,7.286968574700088,5.623830896957796,0.1686798281180576
2020-05-27,0.4430299128617643,5.124128978800447,4.11308682190434,6.833867825546772,1.1965410063296,1.4156025256512368,9.446011357527608,1.1649124624167104,8.359588541967607,10.993283714898404,12.165081066201205,8.026375502213506,9.446011357527608,0.18579572921790524
2020-05-28,0.5102029089875147,1.5075450262586847,3.052981963560825,1.6832889979393513,1.2167955036419644,1.4400454224280492,4.340129924009365,0.6699931870220124,6.814151604665467,11.179372979102135,12.375132839488284,6.620931912469535,4.340129924009365,0.15326231278864663
2020-05-29,0.4009957502997333,0.22667725546824058,1.9874647213825205,0.19222382314572486,1.1870013304251217,1.4019108754468586,2.781136029017705,0.16162003407768954,5.053364138751187,10.905637438497221,12.047420895603736,4.691167248876679,2.781136029017705,0.10859183446473795
2020-05-30,0.2795268335501553,1.8014989358860427,1.9209369606514446,2.064222506836535,1.1571309667030123,1.3640032673421434,4.585356740881691,0.7479225888019023,4.933926113985785,10.631201893599648,11.721659167107598,4.3097415031203745,4.585356740881691,0.09976253479445311
2020-05-31,0.3043426348854333,3.457805866816035,2.4846011978330895,4.355541640278412,1.1556169107648209,1.3618029906202187,6.872961541663452,1.0421034075961142,5.90713078296873,10.617291424672366,11.702750932482928,5.377541248614104,6.872961541663452,0.12448012149569687
2020-06-01,0.37218246478702643,6.580081378098939,4.119185176180107,9.100167594091449,1.2279799266285434,1.4519220100341863,11.78006953075418,1.1713586376027862,8.368026984887562,11.282130456220328,12.477195140452343,8.319983519080091,11.78006953075418,0.19259221108981692
2020-06-02,0.5109985531858614,3.993310450998776,4.066443479489606,5.136355508619062,1.2908609294515574,1.5296759548671583,7.956892392937778,1.0972137577511738,8.29489395639673,11.859852991974613,13.145379199868948,8.708251660262519,7.956892392937778,0.2015798995431139
2020-06-03,0.5031297195166291,7.069517245505561,5.362287855589464,9.879442950293473,1.4060190871586349,1.6723309818251189,12.957793019277227,1.1560940985818036,10.002123346312828,12.91787465028976,14.371295328159512,10.515795349610265,12.957793019277227,0.24342118864838577
2020-06-04,0.5977929365328962,3.164640187777987,4.4063925151357175,3.935307770732492,1.466757458233289,1.7462624791204595,7.14832770808624,1.0047047967149076,8.760371018955098,13.475911643650036,15.006630912581205,9.426534856449951,7.14832770808624,0.2182068253807859
2020-06-05,0.5231590119225428,4.718518797595306,4.539680497405796,6.21801194333411,1.5275458102715977,1.8199968579734083,9.565554611579115,1.1476096682097001,8.939209319144606,14.034407839754637,15.640272545637394,9.225603056264568,9.565554611579115,0.21355562630242056
2020-06-06,0.5403562109614587,1.4320342258982712,3.2527359783389467,1.5870884071548483,1.5243191782158778,1.813540950762231,4.924948536132957,0.64832119810564,7.118507566703929,14.0047629872636,15.58479324748927,7.386588297271804,4.924948536132957,0.1709858402146251
2020-06-07,0.4161589053815245,0.09065288098465621,2.0480977889767944,0.06729500804277974,1.467073663253002,1.7398905218945253,3.274259193190307,0.07421440369667959,5.161062658711791,13.478816793975342,14.951873044606794,5.281251684108454,3.274259193190307,0.1222511963913994
2020-06-08,0.28064664053410354,3.920238256811558,2.7471334418408238,5.028862689397865,1.4469775462421104,1.7132997472284226,8.189139982868399,1.0906406686236352,6.334167473682527,13.294182657159416,14.723363329793013,6.159761379480903,8.189139982868399,0.14258706896946535
2020-06-09,0.3976612428120003,2.5928999724548962,2.6879270027094755,3.1323748293375284,1.4261835178695657,1.686145101352934,6.244703448560028,0.9151495936695797,6.239140443427948,13.103136422834151,14.490007947605253,6.421164043190411,6.244703448560028,0.1486380565553336
2020-06-10,0.38322220184505484,3.372765561402156,2.952892629269426,4.2330883659277525,1.419381973175928,1.6767487157589298,7.329219054862611,1.0318085170506262,6.6590133755606775,13.040646871601734,14.409259439172239,6.832183849152214,7.329219054862611,0.1581524039155605
2020-06-11,0.4119442209060742,0.24203966805154162,1.9374157739744633,0.20721502190393454,1.3674446402646359,1.611121372194047,3.185781034362617,0.17060960618907584,4.963637269637756,12.563469881370203,13.845286190919548,5.353113610951634,3.185781034362617,0.12391466692017673
2020-06-12,0.2751950680124637,2.3288013926879256,2.07823783929187,2.7697834395330525,1.3269572500783369,1.5602684898461112,5.6570091794575,0.8654823298260119,5.214200823033812,12.191489844882284,13.40827832677489,5.184140813624348,5.6570091794575,0.12000325957463769
2020-06-13,0.3256284796570217,8.305491114017427,4.557166854696693,11.88144543272376,1.4022569787234074,1.6543753801623489,14.938077791609517,1.0834504314335334,8.962525082354546,12.883310080270103,14.216992587198007,9.346374918037768,14.938077791609517,0.21635127125087428
2020-06-14,0.5381899003053028,0.21290898471930667,2.783403753666391,0.17891282481989998,1.3901591871263852,1.6387418156293787,3.207813827575664,0.15343872158902394,6.392030313407462,12.772160980785632,14.082644437593105,7.5437914427227994,3.207813827575664,0.1746248019148796
2020-06-15,0.35085977618960346,4.534686122692936,3.475917931154759,5.941375029388302,1.4104849847836722,1.6637530222342924,9.015613036406267,1.1372832402146287,7.450798504945638,12.958905320675495,14.297580021840037,7.707457127124946,9.015613036406267,0.17841335942418857
2020-06-16,0.4600096681727868,1.6417308964234898,2.7514545260730867,1.85595649633873,1.396138459810077,1.6453419950504469,4.8974369511992535,0.7067902235002732,6.341074875296041,12.827095864481928,14.139363549246166,6.59675016780331,4.8974369511992535,0.1527025501806322
2020-06-17,0.3775925068678196,7.490192425905074,4.691168262862008,10.55555205554925,1.470691608130116,1.7381305566622676,13.764374220341633,1.136660177447336,9.140099038339109,13.512056853687948,14.936748658109769,9.426823492069246,13.764374220341633,0.21821350676086218
2020-06-18,0.5505432790275931,0.22886225326298062,2.8582889440352703,0.1943472583006357,1.455254063135747,1.717985564576808,3.3675868860131906,0.1629073868561265,6.5106723475668185,13.370223593409477,14.763631234710957,7.426606675197333,3.3675868860131906,0.1719121915554938
2020-06-19,0.3577245956638403,0.41935681620605747,1.9477686778756989,0.3888481000366307,1.4002625329127942,1.6486431041145595,3.4377537370639843,0.2657691137317444,4.982260485897177,12.864986004008548,14.167731864960231,5.260614415478358,3.4377537370639843,0.1217734818397768
2020-06-20,0.2657691137317444,0.0,1.280139494179704,0.0,1.3205552800997604,1.5489154557163454,2.8694707358161056,0.0,3.702120991717473,12.132671407456023,13.310715219876354,3.8787441841522066,2.8694707358161056,0.08978574500352329
2020-06-21,0.19847812629731348,0.775959623195353,1.117693002426036,0.7867630861804403,1.2413448085271266,1.4504310799327063,3.4785389746402733,0.42451214985461183,3.3603876124867895,11.40492101479711,12.464382726501471,3.4952942114593415,3.4785389746402733,0.0809095882282255
2020-06-22,0.20276130240991153,4.94208897019568,2.4510369995163255,6.556557609435621,1.230050481758947,1.4373309177611682,9.223939008955735,1.1580576939084875,5.851439583166144,11.301153790878693,12.351805550416096,5.895145029240521,9.223939008955735,0.13646169049167875
2020-06-23,0.37537101746753226,3.249334413485419,2.754628236934461,4.056153307768937,1.2335583784733948,1.4427001335966363,6.732411819838967,1.0160671931429963,6.3461457597171025,11.333382777282408,12.39794628887681,6.726997654382112,6.732411819838967,0.1557175382958822
2020-06-24,0.39433257567547847,6.346086849492702,4.205398519153863,8.730530796565182,1.3021594192857813,1.5292438474784218,11.561934063329385,1.1757292931856398,8.48683409005594,11.963658464282267,13.14166585426661,8.88283579272029,11.561934063329385,0.20562119890556227
2020-06-25,0.5176007664558173,9.744845674175652,6.666056743423907,14.267832725221817,1.4750154575112546,1.7453962494951916,17.488244432228264,0.9438998073362725,11.565623020807687,13.551782448327746,14.99918690663859,12.948318028547584,17.488244432228264,0.29972958399415706
2020-06-26,0.6703164837870661,3.3320618901714782,5.155962617477531,4.174635143266764,1.5627908224399174,1.853941307759156,7.5913672734658375,1.0267231901484246,9.741722293501635,14.358223251221323,15.931976591023473,11.400192404018341,7.5913672734658375,0.2638933426856097
2020-06-27,0.5769436438128792,0.6827001545824877,3.2739648310017384,0.6794535395071795,1.5570621096849793,1.8451431518118306,4.081658801003989,0.3862433938948333,7.150457617082385,14.305590400108786,15.856369011640938,7.874969292561236,4.081658801003989,0.1822909558463249
2020-06-28,0.40391683806783746,1.5379461686876705,2.596858161062218,1.722220021431108,1.5213546002671956,1.7991149363154217,5.042689558013725,0.6785184355715326,6.091545624707837,13.977525770726604,15.460822265502719,6.0303137837673475,5.042689558013725,0.13959059684646638
2020-06-29,0.36270934314588804,0.1969117761129487,1.7213651471155145,0.16360375342641123,1.4496627009132936,1.708560609809226,3.321827064148931,0.14377610366860882,4.567092253705271,13.31885265757106,14.682637215051258,4.610995619696295,3.321827064148931,0.10673600971519201
2020-06-30,0.2525066794794863,3.7095793556723224,2.4413513495648296,4.7206160167212925,1.4174832236604145,1.668008261871405,7.806107502253112,1.0700481819254506,5.8353202598127645,13.023202010107521,14.334147726547807,5.740892687777311,7.806107502253112,0.13289103443928962
2020-07-01,0.36982054655841373,8.967868851411614,5.1144007511511,12.972755361529368,1.5090312333453852,1.7822784392111963,16.26406503408595,1.026114083498797,9.688788360073278,13.864304186027368,15.316136629222477,10.47870745819919,16.26406503408595,0.2425626726434998
2020-07-02,0.5740733161765659,5.865359970718664,5.446656260324372,7.977401049694693,1.6065794771001345,1.9033562608908934,11.487336787685722,1.178442979543119,10.107492070467572,14.76053382948568,16.35662750809751,11.79734110977051,11.487336787685722,0.27308659976320626
2020-07-03,0.604631985835835,0.5595983684823904,3.3712095818774928,0.5410864621743828,1.6009387705937532,1.8948858843197727,4.036911117087909,0.3324482239180271,7.29588085707247,14.708709540431567,16.28383672411559,8.621903189294999,4.036911117087909,0.19958109234479163
2020-07-04,0.40884881405452117,1.881107520008127,2.784003495160778,2.1690178951911605,1.5693656245032024,1.854216142209781,5.592599661904144,0.767396432557331,6.392984881919819,14.418629592557428,15.934338400437523,6.684843573463609,5.592599661904144,0.15474174938573168
2020-07-05,0.3836026321659,0.14986074310903513,1.8104188711495681,0.11967121912786828,1.4969778088342207,1.7629354103080097,3.379584438270099,0.11426183815452762,4.732426753879286,13.75356271148835,15.14991093351394,4.987823810247485,3.379584438270099,0.11545888449646954
2020-07-06,0.25979903416429545,1.3150195560720754,1.6378928925424177,1.4394746748509102,1.4239136671697368,1.6714496114726944,4.534837953493342,0.6132746893655594,4.409553417408944,13.08228204960191,14.363721209300367,4.5128130022667845,4.534837953493342,0.10446326394136075
2020-07-07,0.26906030699125905,0.1344060875366395,1.1386490097815756,0.1056469043162702,1.3355028673441662,1.561373336988064,3.0025231086485005,0.10416139052139067,3.4053104951640076,12.270003155019786,13.417772909331836,3.8203308270722296,3.0025231086485005,0.08843358396000531
2020-07-08,0.1881118486447374,5.212943598131764,2.5702188560551624,6.969686730544876,1.320341816917202,1.5434234679773988,9.833452015439477,1.1677334373532098,6.048035237240609,12.130710203187942,13.263519432324241,6.257391819220885,9.833452015439477,0.1448470328523353
2020-07-09,0.38642611312696074,0.30507865443803495,1.7439082189459723,0.27011203932188305,1.2693979441361252,1.4807915596792962,3.0203015431373044,0.206116630466331,4.6092056727326725,11.66266068039223,12.725287670250504,5.370634246206426,3.0203015431373044,0.1243202371807043
2020-07-10,0.25808393807090046,3.407174657575152,2.344115695464608,4.282582167628706,1.250527228672473,1.4585029464478292,6.991612342749008,1.0360274148804383,5.672264634843217,11.489284985035654,12.533748885951386,5.8218364920273995,6.991612342749008,0.13476473361174535
2020-07-11,0.35926728876846503,0.26425589809493194,1.5997754773926527,0.22913818875959302,1.1999351308584252,1.3966026366365616,2.82567595625458,0.18336603925744827,4.336745055545497,11.024467413335557,12.00180416754915,4.660681221984901,2.82567595625458,0.10788613939779863
2020-07-12,0.18336603925744827,0.0,1.0730177896182835,0.0,1.1305495222090376,1.311477878766503,2.4420274009755403,0.0,3.263727265927213,10.38698346788061,11.27027850164684,3.476436721778099,2.4420274009755403,0.08047307226338192
2020-07-13,0.17497496001236099,13.918197005448262,6.1817341213582,21.46080144282433,1.2984050835138343,1.5230434452218675,24.28224997156003,0.2655446955653886,11.000190150017275,11.929165306017168,13.088382256132778,12.140107815442976,24.28224997156003,0.28102101424636516
2020-07-14,0.6038818175986629,2.710625300522782,4.6392663073340765,3.2957758704604383,1.3802105873766042,1.6256558996847201,6.301642357521763,0.935518133179646,9.071549143205981,12.680757694950241,13.970189687472459,11.368700046035613,6.301642357521763,0.2631643529174911
2020-07-15,0.5361578817549882,4.768409972161098,4.694918281548938,6.293362695987117,1.4564963455679887,1.720707740681545,9.47056678223665,1.1501391846348596,9.145040833818141,13.381637128891693,14.78702444883041,10.174557627786758,9.47056678223665,0.23552216730987868
2020-07-16,0.5515259412859785,7.6472458079325705,6.0039808398070775,10.809402396098527,1.5843396717587745,1.879602284209671,14.273344352066973,1.1279706245200778,10.788305801943636,14.556204442871797,16.152496018688936,11.720784322491602,14.273344352066973,0.2713144519095278
2020-07-17,0.638444250528584,3.8000641124966053,5.020186066937481,4.852714655459547,1.6552596346910833,1.966508737076043,8.474483027226672,1.079196512621733,9.568183847502759,15.207785349368693,16.899332807362395,10.669988333466824,8.474483027226672,0.24699047068210242
2020-07-18,0.5704339702798346,4.456169289753693,4.774624177798055,5.823712224347429,1.7081420143528254,2.03052178890938,9.562376027609634,1.1323810399275605,9.249728959458396,15.69364500655153,17.44943352471541,9.950449115497321,9.562376027609634,0.23033447026614168
2020-07-19,0.5561929056821331,0.7537199368617002,3.1067293195415124,0.7609935232047154,1.6806025606089376,1.9938957153565977,4.435491799170251,0.41556549756876127,6.896719576778583,15.440624820232495,17.134684754610422,7.491954150743288,4.435491799170251,0.17342486460053907
2020-07-20,0.39187476028786494,1.3043324108602787,2.413015589486487,1.4260852377952578,1.624476163763916,1.9220046499471966,4.97256605150637,0.6099814615608254,5.788036398152376,14.924960583780628,16.516883766837665,5.958689728624887,4.97256605150637,0.13793263260705757
2020-07-21,0.34278818642933284,2.694421474302556,2.5188180049370783,3.273222958536342,1.5786313310253233,1.8635680008055167,6.715422290367181,0.9327768250916861,5.963639867517854,14.503758760783025,16.014704262941503,6.048226194430888,6.715422290367181,0.14000523598219647
2020-07-22,0.369390668843146,0.21998653429690543,1.6849488381602409,0.18574019281095833,1.4996746353316879,1.764243675507226,3.4496585036498724,0.15765942914067643,4.498677563654518,13.77833994742066,15.161153603625197,4.996870121105609,3.4496585036498724,0.11566828984040761
2020-07-23,0.24957808244051785,1.574892948149574,1.6468977765213018,1.7696837167296249,1.4267519441592755,1.6731288290372046,4.869564489926105,0.6887287708226504,4.426672735282791,13.108358869403663,14.378151684967014,4.733656325507452,4.869564489926105,0.10957537790526509
2020-07-24,0.27399584501041496,1.3394224037158031,1.5415895893474791,1.4701069841314134,1.3562373106578904,1.5855785712980217,4.411922866087325,0.6207352964636992,4.224505549651115,12.460501948468961,13.625782313293282,4.573943139248036,4.411922866087325,0.10587831340851935
2020-07-25,0.25953677818933657,3.810123254993505,2.3509050498957302,4.867428423807609,1.329148765893016,1.5527498315984052,7.749327021299029,1.0801850950636087,5.683723754748889,12.211624512218387,13.343666201948166,5.901078440241146,7.749327021299029,0.13659903796854506
2020-07-26,0.3622329188145367,2.346839753724637,2.349392190936686,2.7943667178549716,1.3046509675909563,1.523257811711897,5.622275497157824,0.8690569857178012,5.6811713175368395,11.986549695977018,13.090224429823365,6.044398682786202,5.622275497157824,0.1399166361756065
2020-07-27,0.3508540450814548,5.325502266209218,3.508302277002762,7.142298767625054,1.334830873262439,1.5621311475255162,10.039260788413008,1.1708258095847857,7.498371306743294,12.26382917388911,13.424285208126081,7.737780104005487,10.039260788413008,0.1791152801853122
2020-07-28,0.46434619755288986,0.27586052599729954,2.2544247400434525,0.24069812182486075,1.3054917865481477,1.5263109322710733,3.0725008406440817,0.18992096420973548,5.519807092697142,11.994274764570884,13.11646163866854,6.077941008636991,3.0725008406440817,0.14069307890363406
2020-07-29,0.30604072740364624,0.8596694535320071,1.7531177540077327,0.8847022951376131,1.2564209770395962,1.4659816253370974,3.6071048975143065,0.45724423031575157,4.626358792221415,11.5434341095548,12.598017445315662,4.657144350622387,3.6071048975143065,0.10780426737551821
2020-07-30,0.2723754543275998,1.151196853416748,1.545487886492229,1.2360348243269297,1.2028016949492146,1.4002432850665691,3.8390798043427132,0.5609868230147992,4.232067759145934,11.0508041223746,12.033090338972308,4.0795033722511995,3.8390798043427132,0.09443294843174074
2020-07-31,0.2567607498237426,4.451345131821245,2.5949609328057086,5.816492654562416,1.2017824585145727,1.4004829745186147,8.418758087595604,1.1320700851032726,6.088451958161471,11.041439833779968,12.03515012733946,5.851530335930321,8.418758087595604,0.13545209110949818
2020-08-01,0.38669395214130475,3.909866484709202,3.104702822466074,5.013628739986894,1.2238553466512143,1.4294157535769594,7.666899840215068,1.0896842515183067,6.893615620404599,11.24423565975643,12.283786023600898,6.983080441718958,7.666899840215068,0.16164538059534625
2020-08-02,0.4276034524574486,0.9323398958371636,2.2735200465046193,0.9708621843141622,1.2062708068114898,1.4085051227730911,3.585638113898743,0.48452311362774125,5.552435469737143,11.082676770899782,12.104089029377583,5.70740398201609,3.585638113898743,0.13211583291703913
2020-08-03,0.32347681193484423,1.7894869072962682,2.0961914364414764,2.0484676711530336,1.1824138819293712,1.3797837211940966,4.610665274276501,0.7449266128060232,5.245730940591935,10.86349001306467,11.857269620530705,4.964001503479947,4.610665274276501,0.11490744221018397
2020-08-04,0.32089958850282313,1.591671739703125,1.9147156096131583,1.7912922763386825,1.1527132014585275,1.3438320682046834,4.287837546001893,0.6933119537887009,4.922687070681902,10.59061344200331,11.54831653154201,4.567408048646655,4.287837546001893,0.105727038163117
2020-08-05,0.3008322104462979,0.5487753105074406,1.4421021103031577,0.5291187191671655,1.1046105211298436,1.2850015710477183,2.9187308113447274,0.3275211418449864,4.029360270886184,10.148667524978366,11.04275246669255,3.80637710461782,2.9187308113447274,0.08811058112541251
2020-08-06,0.2334617440113087,0.2891368249940428,1.0672782718302267,0.25401003596824434,1.0443229980013635,1.2111863587636151,2.509519392733223,0.19733339154011387,3.2512188240500004,9.594772720944114,10.408416185792047,3.1156776919831524,2.509519392733223,0.0721221687959063
2020-08-07,0.18481185634978306,1.4062312222349276,1.174943901621708,1.554382045824388,0.9948095318767599,1.151131099656334,3.700322677357482,0.6407489954252235,3.48250614466322,9.13986513488029,9.892327041944485,3.250379919455341,3.700322677357482,0.07524027591331808
2020-08-08,0.22082238128573517,2.4956677348690905,1.6140663008083151,2.9982259595528085,0.9699630198339493,1.1220752693190366,5.090264248705795,0.8975186568620792,4.364107578723995,8.91158649272148,9.642633695758624,4.0778767452158275,5.090264248705795,0.09439529502814416
2020-08-09,0.28175912961263155,0.24043687062155758,1.1579941146510393,0.2056443343751561,0.9269841290410998,1.07035371073871,2.202982174154966,0.16967832225273394,3.446550334694513,8.51671566277244,9.198160800578894,3.4356474322933535,2.202982174154966,0.07952887574753133
2020-08-10,0.19381140833648722,2.067122469378228,1.4562676664920298,2.4163648668823847,0.9016777308796728,1.0408276979899755,4.358870295752033,0.8104193396189254,4.057405137580711,8.28421179260076,8.944426908372956,3.681808593244078,4.358870295752033,0.08522705076953885
2020-08-11,0.26067838090573253,3.38143724195546,2.1314510691231794,4.245554769458265,0.90930975522627,1.0524181669512152,6.207282691635751,1.0328786321675265,5.307391310412992,8.354331419523135,9.044030428396276,4.823859036984862,6.207282691635751,0.11166340363390884
2020-08-12,0.33953803391746307,5.794514279404194,3.5469567955204058,7.867149788097472,0.9800394839157821,1.1425479016585733,9.989737173671829,1.1781039102728332,7.55494879429678,9.004164538863309,9.818566719002153,7.2388079090345645,9.989737173671829,0.1675649978943186
2020-08-13,0.4677669703238183,0.2773667046470983,2.2758703945953362,0.24220374820692073,0.9864936786084311,1.1516717782571426,2.3803692050724945,0.19076648709499588,5.556445104348542,9.063462793609403,9.89697340198582,5.608585437744652,2.3803692050724945,0.12982836661445954
2020-08-14,0.3080499865731727,1.3824621230026937,1.9509430880947092,1.524330723630943,0.9776583818566118,1.1415387095094442,3.643527814996999,0.6336966843596272,4.987964139256527,8.982288037889152,9.809894154434724,4.390851784425704,3.643527814996999,0.10164008760244685
2020-08-15,0.3011574841240448,2.8153990538137577,2.265175196362672,3.442071168248626,0.9838638926758314,1.1501652297184832,5.576100290642941,0.9527749700053674,5.538187996707612,9.039301496408902,9.88402676988333,4.706179014983718,5.576100290642941,0.10893932905054902
2020-08-16,0.3476461914700734,2.1303260085670246,2.215503477012651,2.5011614229068813,0.9872198173484735,1.1550941236434145,4.643475363898769,0.8242836926941886,5.453010528261986,9.070134231649085,9.926383570663912,4.771469024851657,4.643475363898769,0.11045067187156614
2020-08-17,0.3362378244077332,11.152665585606883,5.91924366961539,16.652201610319512,1.1573047601079705,1.3681722724948502,19.17767864292233,0.7571419119593656,10.686432444253477,10.632798629690074,11.75748580963549,10.910166612631325,19.17767864292233,0.25255015307016954
2020-08-18,0.6132369340482438,0.05619086839040955,3.4016016228160613,0.03891385325138609,1.1971352537098898,1.4171998268220467,2.6532489337833227,0.04880025626932624,7.341021689827825,10.998743394101876,12.178807587507812,8.585817279527351,2.6532489337833227,0.19874577035942942
2020-08-19,0.39616537492326764,2.593723080695145,3.079615112748491,3.1335136114718245,1.2185327173390126,1.442976697221026,5.795023026031863,0.9152956859001176,6.855129657774479,11.195333721729451,12.40032295806869,6.77932134892738,5.795023026031863,0.15692873492887452
2020-08-20,0.4162543972531823,0.7001129510898734,2.173962944074823,0.6993365324821544,1.1969800852784662,1.415043627499817,3.3113602452604374,0.3935418270779101,5.381279664789529,10.997317775939846,12.160278135154835,5.021975394445382,3.3113602452604374,0.11624943042697644
2020-08-21,0.30945628511370427,5.1686615316171025,3.3241882008453754,6.9019264419271575,1.2294243305062829,1.4548241240920168,9.586174896525458,1.1663692909277898,7.2257529955612565,11.295400993162138,12.502134664179618,6.669883106511708,9.586174896525458,0.15439544228036362
2020-08-22,0.4494932852649417,1.417018730399022,2.5795227349861225,1.5680451441609293,1.2250954977412578,1.4485047352044313,4.241645377106618,0.643925228810462,6.063248990974156,11.25562961341959,12.4478285459626,6.001110429181569,4.241645377106618,0.13891459326809188
2020-08-23,0.35935030401269547,0.11111854765995656,1.6817405043755809,0.0849620955414158,1.1806968129893738,1.3922643871885427,2.6579232957193324,0.08849428159639416,4.492627034258532,10.847714351457103,11.964523112122752,4.400138117310916,2.6579232957193324,0.10185504901182675
2020-08-24,0.24557083402080548,0.809969066678111,1.3857302765429156,0.8263774849483748,1.1273046190364417,1.325209573634753,3.278891677619569,0.4379865916018071,3.916865824393727,10.357170748537921,11.388282798913654,3.631486487674568,3.278891677619569,0.08406218721468907
2020-08-25,0.23331269426517215,3.089761771707117,1.975193229033525,3.8288579541718573,1.1057412718320025,1.298353753224423,6.2329529792282825,0.9942691872959228,5.03143436706732,10.159056356797667,11.15749539463101,4.6323875789400315,6.2329529792282825,0.10723119395694516
2020-08-26,0.3226875747965905,2.302944891411324,2.093452523294942,2.734593583551707,1.0916286859987279,1.2809598354827794,5.107182105033214,0.860310111866081,5.240926735183701,10.02939622881597,11.00801952442614,5.047868799341192,5.107182105033214,0.11684881479956462
2020-08-27,0.32678590197944635,1.212751690436225,1.7790949449024458,1.3120126440475373,1.0647221744322775,1.2476685759078756,3.62440339438769,0.5810962834967794,4.674583480717479,9.782191232193641,10.721928715610764,4.494284775870783,3.62440339438769,0.10403436981182368
2020-08-28,0.28155568196147107,1.8532711878873112,1.8051444694364653,2.1322999469194936,1.0416317515994982,1.2193150698755513,4.393246768394543,0.7606617851628146,4.722710199168326,9.57004675243497,10.478270843330852,4.333722530876762,4.393246768394543,0.10031765117770282
2020-08-29,0.2936972560268013,0.22022764516067161,1.2673022085901517,0.18597334894495826,0.9965483076611827,1.163615827562539,2.34613748416868,0.15780264776856984,3.6756356357388458,9.155840229267895,9.999615439864359,3.4714215620724023,2.34613748416868,0.08035698060352783
2020-08-30,0.2054607811391607,0.07355878375096654,0.8916353717153542,0.052973449553501945,0.9389456319747727,1.0925579859356969,2.0844770674639714,0.061852026524100406,2.8575590477744583,8.626612602961577,9.38897481997556,2.716537837927435,2.0844770674639714,0.06288282032239434
2020-08-31,0.15649293017987345,6.930865951281601,3.022039855582259,9.657863240340072,0.9830897796067757,1.1489306746029628,11.789883694549811,1.1612387336712509,6.7663851434738,9.032189291686688,9.87341753262297,6.45748783284608,11.789883694549811,0.14947888501958517
2020-09-01,0.42459246496506486,0.5686205650793102,2.093679958726626,0.5510886270676578,0.9810268001648493,1.1471249045621033,2.6792403317946105,0.33652973423904564,5.241325749826484,9.013235559066468,9.857899519242862,5.594984696396701,2.6792403317946105,0.12951353463881252
2020-09-02,0.29891732693542583,1.0229502530256382,1.7129502307528128,1.079659942143691,0.9619933798093333,1.12405763437369,3.1657109563267145,0.5171683877677498,4.55132577209931,8.838365003919382,9.659669290959737,4.290438489112593,3.1657109563267145,0.09931570576649522
2020-09-03,0.2715435920322557,1.1202180815705114,1.5095085829566106,1.1980180673708072,0.9356519578287343,1.0919332255085703,3.2256032507081116,0.5506456267238113,4.162035270713211,8.596351797723575,9.383605896774851,3.611552585862382,3.2256032507081116,0.08360075430236995
2020-09-04,0.2524555254730196,0.2069452065237298,1.083172818680919,0.17318534739595387,0.8926661671545086,1.0391382504646998,2.104989765015162,0.1498567238475471,3.2858076585560223,8.201417574749835,8.929908520810303,2.8718694779734024,2.104989765015162,0.0664784601382732
2020-09-05,0.18413822182484657,0.2690847186644969,0.8332797453989814,0.23393963891099545,0.8426283085919862,0.9777678459154152,2.054335793418397,0.1861023921054915,2.721612631821538,7.741692105456356,8.402517580995362,2.3963450941471147,2.054335793418397,0.05547095125340543
2020-09-06,0.15582058489927988,2.778783137373179,1.4518087855957684,3.390853040620909,0.8254010741158317,0.9576414504501376,5.1738955651868785,0.946835545225186,4.048586983598948,7.5834159785057365,8.22955996897578,3.5059813695966078,5.1738955651868785,0.08115697614806963
2020-09-07,0.26746943644622584,5.456014704154054,2.9110267062686304,7.343107140495309,0.8756833570226892,1.0218230525248773,9.240613550042877,1.17374773317783,6.593574981484371,8.045387109376954,8.781109134825627,6.176240649572638,9.240613550042877,0.14296853355492217
2020-09-08,0.4159938380953959,5.4071828170084615,3.916171158695494,7.267891088616297,0.9663673558942518,1.1359428832801963,9.370201327790744,1.1727370667325783,8.084586639797338,8.878551140298601,9.761806023425025,8.025402254911011,9.370201327790744,0.1857732003451623
2020-09-09,0.4958761460334015,3.9162017015347264,3.916183836072689,5.022933143091687,1.048150475926595,1.2381679798785534,7.309251598896835,1.090269140364132,8.084604505259376,9.629937876606979,10.640284667384186,8.009402901259119,7.309251598896835,0.18540284493655368
2020-09-10,0.49148589743645693,4.750998187908487,4.265912990433533,6.267052571641212,1.1376804964067642,1.349440695813391,8.754173763861367,1.1492694629553704,8.569689702734332,10.45249967008725,11.596514672117294,8.277212122470756,8.754173763861367,0.19160213246460087
2020-09-11,0.5206339035504369,2.4847100783993894,3.527662944288154,2.9831549495691547,1.1851233259122946,1.4075228645289906,5.57580114001044,0.8954847331224132,7.526736836845567,10.888383172811253,12.09564792324016,7.181613404892378,5.57580114001044,0.1662410510391754
2020-09-12,0.45120572155895133,3.603433485457997,3.5584468035384487,4.566249835059278,1.2292977309127473,1.4612850682532126,7.256832634225237,1.0587203504524112,7.571723518765115,11.294237852707642,12.557657247716257,6.993310807928771,7.256832634225237,0.1618821946279808
2020-09-13,0.462309427349151,0.23288178194500023,2.265633818982308,0.1982612131505181,1.2108232611622955,1.4366081946395806,2.8456926689523945,0.16526792800774182,5.538971481727807,11.12450268577674,12.345594777827591,5.220009329942462,2.8456926689523945,0.12083354930422367
2020-09-14,0.3057554575123743,4.740067563761277,3.2159984010230964,6.250542971354748,1.2370287372097664,1.4680456299569604,8.955617338521474,1.1487163270528011,7.063040644465987,11.36526688152923,12.615754615931472,6.469851229741554,8.955617338521474,0.14976507476253598
2020-09-15,0.4398299747797423,1.365404003395738,2.498435137382644,1.502810230679675,1.228295980447436,1.4557797274406072,4.186885938567718,0.628589402829351,5.930009510479081,11.285034217380108,12.510346709575193,5.7881712305636395,4.186885938567718,0.1339854451519361
2020-09-16,0.35139047486432706,0.9392123920618033,1.9260564164136476,0.9790622141905162,1.1946030899222084,1.4125454425929747,3.5862107467056994,0.48705107041178963,4.943165486127237,10.975479005515677,12.138809805338088,4.681512177971081,3.5862107467056994,0.10836833745303427
2020-09-17,0.2909472342321385,6.072481322978773,3.5119406270859255,8.300829649228106,1.235749294221166,1.4631640240601278,10.9997429675094,1.1783314152616828,7.503706182020084,11.353511931472093,12.573804188186301,7.177575310542818,10.9997429675094,0.1661475766329356
2020-09-18,0.46503186523673146,0.2785235210080435,2.2573751353128424,0.24336094711701944,1.2162690347954976,1.4378260131902134,2.8974559951027308,0.19141508189988843,5.524854567715285,11.174536018759238,12.356060188226289,5.868931034786563,2.8974559951027308,0.13585488506450374
2020-09-19,0.30639089060572183,0.625127233969818,1.673296747053945,0.6142457491691394,1.1723558883407947,1.3822230691678858,3.16882470667782,0.361579687160426,4.476685054631158,10.771081665555522,11.878232330975269,4.395400071111895,3.16882470667782,0.10174537201647903
2020-09-20,0.25925725274262934,2.612985739398683,2.0050174286192877,3.160178732277704,1.147715584021259,1.35110461273755,5.658998929036513,0.9186996315383258,5.084653365410553,10.544697567749283,11.610813660641988,4.685773820618654,5.658998929036513,0.10846698658839476
2020-09-21,0.3215168661730517,0.23318316475741255,1.390798126970239,0.1985550777284192,1.0977893816045028,1.2886256637001288,2.5849701230330506,0.1654445228794424,3.9270384031977263,10.085997945194384,11.073896364862494,3.8854502901258954,2.5849701230330506,0.08994097893809942
2020-09-22,0.2193458977007236,1.5567658808774116,1.4462409126740075,1.746376329029491,1.0552646505721488,1.235782861061371,4.037423840663011,0.6837397536166958,4.037563371401131,9.69529973204043,10.619787979056934,3.7846734219665237,4.037423840663011,0.0876081810640399
2020-09-23,0.2528692597240828,1.1071029198674864,1.3334490365138085,1.181969007509162,1.0118265895587704,1.1820936848564412,3.3758892819243735,0.5462218808973831,3.8112172547548084,9.296210251430018,10.158406221765942,3.6129680757595106,3.3758892819243735,0.0836335202722109
2020-09-24,0.2334119153506992,3.945117203610746,2.2478254320509534,5.065428460566029,1.0138956163885549,1.185515438536665,7.264839515491249,1.0929110060050302,5.5085090263146,9.3152195447457,10.187811305575995,5.136680645269229,7.264839515491249,0.11890464456641733
2020-09-25,0.3535169282982021,6.219565440061002,3.803340505016104,8.531485618510626,1.0859235739431874,1.2762158472391532,10.893625039692967,1.1772741819316028,7.9247339613594985,9.976980210376091,10.967251723779366,7.889643095162724,10.893625039692967,0.18263062720284085
2020-09-26,0.4875477133530288,2.714054227362267,3.359836692938253,3.300550855305903,1.1308769523643531,1.3324756428746265,5.763903450544882,0.9360957131361243,7.278951495783512,10.389991749732342,11.450724282122387,7.478248548865941,5.763903450544882,0.1731076052978227
2020-09-27,0.44008388374161056,1.6411135829321533,2.685245525684627,1.8551573147767093,1.1409900933132597,1.344865687257019,4.341013095346988,0.7066257769010154,6.2348195530310395,10.482906766528234,11.557199010440844,5.989681680737202,4.341013095346988,0.13865003890595376
2020-09-28,0.37188718971894247,8.983540546078618,5.297537387760045,12.998721043828658,1.2679388310727358,1.5031367424775846,15.769796617378978,1.0246119623042382,9.920822711349613,11.6492550020301,12.917312589148702,9.880768329053836,15.769796617378978,0.2287214890984684
2020-09-29,0.5864331586843645,0.17109656554673303,3.1417189402304273,0.13928378053093698,1.2851875001209856,1.5234546862097544,2.947925966861677,0.1277984575422037,6.950200336665919,11.80772806024434,13.09191628483415,7.724229946265609,2.947925966861677,0.17880161912651873
2020-09-30,0.30149070214540313,0.0,1.9549826100327343,0.0,1.2472149204856238,1.4747958597683284,2.722010780253952,0.0,4.995217726633184,11.458852978563174,12.6737631962941,5.067028566446759,2.722010780253952,0.11729232792700833
2020-10-01,0.2678036339296774,2.9785352326152252,2.3282725425550654,3.671427069231372,1.2298070577659084,1.4522396382689189,6.3534737652662,0.9780751201582305,5.645480416693344,11.298917320081344,12.479924701296168,5.161720799906421,6.3534737652662,0.11948427777561157
2020-10-02,0.35474552150696487,3.4024712598551594,2.7343081464159984,4.275812533639375,1.2324223043000564,1.4549100190539668,6.963144856993399,1.0354550313044868,6.313643530132506,11.322945035790381,12.502872808649105,6.016267342120042,6.963144856993399,0.13926544773426025
2020-10-03,0.39362241885767385,1.3886265837458016,2.2279154277008977,1.5321173113508286,1.211939828975922,1.4287726619214962,4.172829802248247,0.6355328378474456,5.47435468617741,11.134761211558295,12.278259569684671,5.391098373591298,4.172829802248247,0.12479394383313192
2020-10-04,0.32733162666930626,0.3815631961762188,1.5721990449728358,0.34898485247499683,1.163891587584382,1.3684177182535104,2.8812941583128895,0.24663641014614068,4.2837188373807935,10.693315455144642,11.759595065233267,4.177530196774144,2.8812941583128895,0.09670208788829035
2020-10-05,0.24279151122760678,5.611407081129006,3.0640026040171326,7.58310630539353,1.1878480088458334,1.3983998787499468,10.16935419298931,1.1763165221678467,6.831123314492667,10.913416341221767,12.017248895577495,6.511705579491426,10.16935419298931,0.1507339254511904
2020-10-06,0.42886606178264275,5.683129769549511,4.13053429092962,7.694207579895314,1.2575591579415755,1.4853435593791426,10.437110297216032,1.177174573575142,8.383718793112557,11.553891206727524,12.76440560368064,8.66959785672006,10.437110297216032,0.20068513557222362
2020-10-07,0.5121495062076084,5.227137900107012,4.596288699674543,6.991424540170859,1.341435537740917,1.5894644245751814,9.922324502486957,1.168152974529141,9.014567993545025,12.324509877742582,13.659175670024025,9.558178663325506,9.922324502486957,0.22125413572512748
2020-10-08,0.5454902191127688,3.9628119960886843,4.325936213275645,5.091455735567576,1.4048843572164722,1.6675008550366626,8.163840947820711,1.094505353694423,8.651443776358064,12.907449258992681,14.329787289796435,9.081994316708592,8.163840947820711,0.21023134992380998
2020-10-09,0.5221008543785085,3.0707716132537706,3.800923903527863,3.801920013869228,1.4384242492982025,1.7078246574424443,6.9481689206098745,0.9915634348401605,7.921291486083971,13.215598789573807,14.676312756002524,8.059439489831647,6.9481689206098745,0.18656109930165848
2020-10-10,0.4774745325023996,0.8662481918455706,2.634604724707129,0.8924600260030754,1.4160646849308909,1.6782366204789398,3.986761331412906,0.4597559291543247,6.152934953222413,13.01016911058153,14.422045854292103,6.139917518066515,3.986761331412906,0.14212772032561374
2020-10-11,0.35435200348729295,0.47559451629896365,1.840628709135593,0.44912722328575855,1.360087360990855,1.6070013486203674,3.4162159328969812,0.29327720442757954,4.787900760385783,12.495874489320485,13.809880475077517,4.633421835403972,3.4162159328969812,0.10725513507879565
2020-10-12,0.27230521776374467,2.437575853714849,2.053995514263676,2.9184376562360477,1.3192286958545587,1.555212147685415,5.792878499776021,0.8866253641866866,5.1714810998369565,12.120483344613152,13.364826290508551,4.884730207611656,5.792878499776021,0.11307245850952907
2020-10-13,0.32446400224202204,0.21950828638266787,1.4151782632423824,0.18527783307761228,1.2535666120210989,1.4728312889631936,2.911675734061905,0.15737524248438445,3.975811122977242,11.517209480136977,12.656880517242815,4.131280022347099,2.911675734061905,0.09563148199877543
2020-10-14,0.22153103239361022,7.986505846594579,3.9002225332550076,11.360329874477397,1.3064386003672992,1.5390410919251105,14.205809566769807,1.1066290564433068,8.062094436316812,12.002973666559248,13.225859171783142,8.267039828201238,14.205809566769807,0.19136666268984345
2020-10-15,0.4911502112618199,1.144365353582216,2.7953804717149655,1.2276383798379946,1.3042864588312233,1.5361043164071273,4.068029155076345,0.5587192763279165,6.411079318184063,11.98320075248815,13.200621782330854,7.303583662353958,4.068029155076345,0.16906443662856385
2020-10-16,0.3734611856931827,5.764272326377652,3.9887824300245307,7.82014619100643,1.356174361304067,1.6007080906684592,10.777028642978955,1.1778997304443237,8.186569214537185,12.45992359795478,13.755798914916229,8.482942869194694,10.777028642978955,0.1963644182683957
2020-10-17,0.50161853491626,2.916587105952015,3.547465066932545,3.5841126789284226,1.383063232820884,1.633714654103599,6.600890565852906,0.9686883039771184,7.555691253556654,12.706966525689086,14.039443167189985,7.94233853125075,6.600890565852906,0.18385042896413775
2020-10-18,0.4566559290068773,5.176998919798019,4.222456348784581,6.9146778697522295,1.4377584256912839,1.7013087004219765,10.05374499586549,1.1666325503813795,8.510233824570092,13.209481500006452,14.62031741554394,8.703359098086588,10.05374499586549,0.2014666457890414
2020-10-19,0.5183708948066731,5.832320043467818,4.9128390777612365,7.925959550583903,1.5182247355518426,1.8007520829378554,11.2449363690736,1.178309055805812,9.429714790276673,13.948769973287895,15.474891201534039,9.950139669463816,11.2449363690736,0.23032730716351424
2020-10-20,0.5682878563209833,1.424716493243426,3.446696307052715,1.5778041194727437,1.524661695958574,1.8072296097273364,4.909695425158654,0.6461824837606049,7.407734976467385,14.007909887121547,15.530556289067189,8.024412733829982,4.909695425158654,0.18575029476458293
2020-10-21,0.43155108542434256,0.0838075571215552,2.1506760618854237,0.06150818815690572,1.4720093868872024,1.7400161548855726,3.2735337299296807,0.06931565305780146,5.340866471703516,13.524164015643521,14.952952680657862,5.5936466340028135,3.2735337299296807,0.12948256097228736
2020-10-22,0.29002543736142056,1.8158338962451783,2.0291599192955396,2.0830440397257948,1.4190443498320449,1.6729627607920232,5.175051150349863,0.7514779708622408,5.127540448653155,13.037544939291477,14.376724565681377,4.996296450451707,5.175051150349863,0.11565501042712287
2020-10-23,0.31491200242800454,1.4802485163415535,1.8333063634265305,1.6484306382375142,1.3624442681278721,1.6018646877593736,4.61273959412476,0.6622416150928037,4.774482601568179,12.517528698169022,13.765738214343116,4.779774265484888,4.61273959412476,0.11064292281215019
2020-10-24,0.2912322556592276,4.720143331260356,2.907141063212239,6.22046366495776,1.3598356648653758,1.5986758221596864,9.178975151982822,1.1476938483775356,6.587484869616296,12.49356201786928,13.738334470830036,6.624277823458016,9.178975151982822,0.15333976443189853
2020-10-25,0.4142800321857704,9.7681357682209,5.806102808539156,14.306891203048885,1.4882417524616938,1.759142398262738,17.554275353773317,0.9411972342736377,10.54951782929804,13.673299731996211,15.11731541451783,11.64357395039184,17.554275353773317,0.2695271747775889
2020-10-26,0.615697142842278,1.18541863712097,3.806171183972404,1.2782042822966218,1.5138360463015086,1.7902094333532974,4.582249761951427,0.5722376692655451,7.928765282446605,13.90844865892405,15.38429219190759,9.56197843871145,4.582249761951427,0.221342093488691
2020-10-27,0.4555471919298796,0.17225721624331589,2.375642201134125,0.14036636041480383,1.4723935446527707,1.7374443478722918,3.350204252939866,0.12852765678244693,5.725380297555796,13.527693485411655,14.93085167402905,6.378225210691976,3.350204252939866,0.1476441020993513
2020-10-28,0.3137928821533274,3.8681200327059813,2.94570238576971,4.9523714609668374,1.4607317516116862,1.7222956226189121,8.135398835197435,1.085775197146429,6.647797944492067,13.420550145695847,14.80067002528397,6.570522166413642,8.135398835197435,0.15209542051883432
2020-10-29,0.41421652701573647,1.2131001655543616,2.2864395763892564,1.3124443943892325,1.4204784003970914,1.6715840944039055,4.4045068891902295,0.5812085038313355,5.5744585336571735,13.050720354625907,14.36487689794217,5.76848670700533,4.4045068891902295,0.13352978488438266
2020-10-30,0.3298057625594163,1.4071238503294754,1.9662172709529655,1.5555120429081501,1.3697325443792343,1.6081177247788314,4.533362312066216,0.6410123934017129,5.015365113033684,12.584490121304494,13.819474133058483,5.076875109475148,4.533362312066216,0.11752025716377656
2020-10-31,0.3030160480635238,1.5568340966941283,1.8207561196937216,1.7464639658717636,1.3174067772781008,1.5430718080073247,4.606942551157189,0.6837586018633695,4.7514430900340905,12.103744371430876,13.260497417340396,4.764123657078176,4.606942551157189,0.11028064021014297
2020-11-01,0.29114278584579467,4.37782692056574,2.7656036370442516,5.7066105418721556,1.3128349164393442,1.5380373038078055,8.557482762119305,1.127190055499737,6.363666373555579,12.061740158420527,13.217233047147847,6.336625025986379,8.557482762119305,0.14668113486079581
2020-11-02,0.40118889943626823,3.3835376029723054,3.0058618868963953,4.248574946292627,1.3195487530968104,1.5470633587934504,7.1151870581828875,1.0331371250092518,6.741342089631489,12.123423887436564,13.294799093137943,6.981590572238426,7.1151870581828875,0.16161089287588948
2020-11-03,0.4164287732533746,2.3503189343244486,2.751120294582046,2.7991114247119544,1.3141133620782117,1.5407968201915159,5.654021606981682,0.8697432899292696,6.340540729373892,12.0734859452743,13.240947147612527,6.498668174988747,5.654021606981682,0.1504321336802951
2020-11-04,0.3862407047292038,3.327063360557098,2.9746740817128425,4.167464037401786,1.3192949714722193,1.5477781599572296,7.0345371688312355,1.0260915766997938,6.692930008218147,12.121092255352082,13.30094178781814,6.617713720427149,7.0345371688312355,0.15318781760248032
2020-11-05,0.41345814709109957,0.23921621693982298,1.9485255467856286,0.20444915379855266,1.2776831885685265,1.4962201594489524,2.9783525018160315,0.16896805887031852,4.983620678372342,11.738781801365814,12.857874440572559,5.104641722252478,2.9783525018160315,0.11816300282991847
2020-11-06,0.16896805887031852,0.0,1.2805840376305255,0.0,1.2100282529123423,1.4124055857320181,2.62243383864436,0.0,3.703036640741816,11.117198505476033,12.137607935448504,3.749215701977159,2.62243383864436,0.08678740050873053
2020-11-07,0.19852721607668702,3.8503738505544036,2.173292427368815,4.926360341031497,1.1892801666976474,1.3876213648942284,7.503261872623373,1.084084474960326,5.380118063927404,10.926574367153368,11.924622969548107,5.125622247066969,7.503261872623373,0.11864866312655019
2020-11-08,0.34616364124939586,7.8295656056669145,4.424670334781078,11.105041764382289,1.2721178406224305,1.4922597320423066,13.869419337047026,1.1169329925033757,8.785013334813241,11.687649873065894,12.823840225751923,9.152201085568128,13.869419337047026,0.21185650661037336
2020-11-09,0.5304560005836614,3.8686630353121876,4.189156085287811,4.953167630096957,1.3362013028073487,1.572722454558622,7.862091387462929,1.085826656669063,8.464520284837617,12.276420067739615,13.515302359000042,9.346809225829764,7.862091387462929,0.21636132467198527
2020-11-10,0.5116173929136151,1.9105659807309459,3.2542689902162896,2.2079615426947625,1.3518260032938614,1.592127925954804,5.151915471943428,0.7744375282009619,7.120817275352273,12.419972828990515,13.682064658716765,7.491005949313175,5.151915471943428,0.17340291549336054
2020-11-11,0.4229981058824041,1.3676694340939408,2.5210952902328407,1.5056660568307914,1.3328469554009186,1.568204760998613,4.406717773230323,0.6292699206085892,5.967391419213373,12.24560182371609,13.476479237824497,5.816576221396491,4.406717773230323,0.13464296808788173
2020-11-12,0.3534308297470531,2.467045009037374,2.500694496985956,2.9588789864544762,1.3148106873130145,1.5456259130110683,5.8193155867785595,0.8921854714168393,5.933741931264791,12.079892657712229,13.28244630049023,5.542468674523317,5.8193155867785595,0.12829788598433603
2020-11-13,0.36562639467266994,7.401226765816801,4.478116057397334,10.412095585278216,1.387737097929961,1.6368054935312473,13.436638176739423,1.1412409927214249,8.85685263968426,12.749907908322399,14.066004515816187,8.894293378368582,13.436638176739423,0.20588642079556904
2020-11-14,0.5356017886133689,0.23648516753274867,2.751765682792457,0.20177830895183113,1.3756375176121107,1.6212209117211611,3.198636738285103,0.16737572762347613,6.341572124424551,12.638742374870812,13.932077302726958,7.12531504164958,3.198636738285103,0.16493784818633286
2020-11-15,0.16737572762347613,0.0,1.7398794828627833,0.0,1.3190841566596814,1.5502526996732118,2.869336856332893,0.0,4.601692641561767,12.11915538312349,13.32220692100417,4.8775655116890695,2.869336856332893,0.1129066090668766
2020-11-16,0.24670596540109396,3.659387503275609,2.435503219403368,4.647541752820005,1.2994583568939455,1.5258723348947263,7.472872444608678,1.0647728177771363,5.8255769254340075,11.93884231084664,13.112692520895715,5.598186399681585,7.472872444608678,0.12958764814077742
2020-11-17,0.36901728721036403,0.6547766440285407,1.7884535086049942,0.6477229238766593,1.2525736137622512,1.467579507864533,3.3678760455034435,0.37438532807066904,4.691900060857554,11.50808625616875,12.611748962551815,4.846665044744287,3.3678760455034435,0.11219132048019186
2020-11-18,0.27147722823269543,1.8255300974285835,1.8014786618442458,2.0957872181436996,1.2108785340031285,1.4160967364824537,4.722762488629282,0.7538705907848584,4.715951496441892,11.125010507922234,12.169328102156996,4.62519718566757,4.722762488629282,0.10706474966823079
2020-11-19,0.2929732946762734,3.3650388140596035,2.368172722097994,4.221984318082885,1.19883712550748,1.4019070191621874,6.822728462752552,1.0308510897473493,5.712817588403501,11.014379431160632,12.047387756346925,5.539419580331262,6.822728462752552,0.1282273051002607
2020-11-20,0.36116578779710373,0.26149337716530535,1.61273983347166,0.22639703537269928,1.1539036381259928,1.3466364609402453,2.7269371344389373,0.18179488941224092,4.361571132097146,10.601550641782373,11.572416280130607,4.524239159040005,2.7269371344389373,0.10472775831111122
2020-11-21,0.2435126834519612,1.3799058019420867,1.533222820757114,1.521103205109924,1.1097941356526195,1.2926472444493553,3.923544585211899,0.6329337782457691,4.208254113282119,10.19629225728265,11.10845610528547,4.045939280190455,3.923544585211899,0.09365600185626054
2020-11-22,0.2593150441055588,5.8988052842452054,3.1477151705803466,8.029516587671873,1.1428365918410484,1.3352436889443566,10.507596868457277,1.1785356735733021,6.959344226946978,10.499871569312043,11.474511683051018,6.733855359680424,10.507596868457277,0.15587628147408392
2020-11-23,0.43585840602765996,0.6211977009497675,2.1832264833710777,0.6098259575454533,1.1291320507913112,1.3190622213256205,3.058020229662385,0.35986546627355254,5.397315444525668,10.373960374338143,11.335455089279066,5.702487261708936,3.058020229662385,0.13200201994696611
2020-11-24,0.308522815224283,6.413389086087727,3.837456542511791,8.836647349752914,1.191387330376496,1.3977642298090505,11.425798909938461,1.1746717277086667,7.973247988101603,10.945934044784783,12.011786401158668,7.866426594382624,11.425798909938461,0.1820932082033015
2020-11-25,0.49001007352138554,0.2673412237772511,2.4278219343473304,0.23220457112095425,1.18394965648253,1.3888459731481846,2.805000200751669,0.1851158592890758,5.812767277531524,10.877600022914464,11.935146727745602,6.16295568690326,2.805000200751669,0.14266101127090877
2020-11-26,0.3214910505130019,1.1206608861331715,1.948983882145371,1.1985604066550752,1.1556439077384961,1.353880324763291,3.708084639156862,0.5507945066539461,4.984444281519324,10.617539460794394,11.634666939509257,4.726162428610771,3.708084639156862,0.10940190806969377
2020-11-27,0.29655444832161415,6.122994320823316,3.549205416765704,8.37995320212267,1.202295147129454,1.412713391989667,10.994961741241791,1.1780587993978777,7.5582331855769365,11.046150187517096,12.140253090433136,7.1658062610260576,10.994961741241791,0.16587514493115874
2020-11-28,0.4679406510842014,0.2772812726338025,2.2770527745013625,0.24211831569314218,1.1869862797876403,1.3937427848693418,2.822847380350124,0.1907185599867316,5.5584616837093765,10.905499159970162,11.97722782782445,5.8269472925462376,2.822847380350124,0.13488303917931105
2020-11-29,0.30815554743833506,0.005935361977675358,1.4733294469450624,0.0029657018209324737,1.1369279077563803,1.331469070876382,2.471362680453695,0.006299415545428512,4.09106759874199,10.445585222098826,11.442074234008086,4.069419551351739,2.471362680453695,0.09419952665166063
2020-11-30,0.21966576122626266,4.873069771361149,2.702132031147791,6.451801682489992,1.1472087644152247,1.3449153965145684,8.943925843419786,1.1550744500774446,6.262005338955348,10.54004113584103,11.557626190483878,5.843325764018315,8.943925843419786,0.13526217046338693
2020-12-01,0.39722342039407754,1.5293303495656267,2.2607353155894763,1.7111753492768946,1.1365711169139154,1.3320925126189194,4.179838978809729,0.6761137889355315,5.530600372931499,10.442307187382637,11.447431824998912,5.525438878535849,4.179838978809729,0.1279036777438854
2020-12-02,0.33250790264013363,1.4909884172915968,1.980559340389208,1.6621347311417434,1.1143402197792514,1.3048215574014115,4.081296508322406,0.6653025389103036,5.0410294498338875,10.23805964538844,11.213076930201655,4.798186337700827,4.081296508322406,0.11106912818751914
2020-12-03,0.30568535279166653,0.1404204515329696,1.3455874435718274,0.11107821205422483,1.0656508668451725,1.2446198903392867,2.421348969238684,0.1081185225314426,3.83586245779503,9.79072364280458,10.695729619172884,3.6553553575377205,2.421348969238684,0.0846147073504102
2020-12-04,0.2114053094603035,2.1917004486164138,1.631046264844163,2.5838544839058284,1.0346165271153709,1.2067757434781357,4.825246754499335,0.837396311701128,4.39651664156728,9.505594006837658,10.37051324939046,3.9505957786496357,4.825246754499335,0.09144897635763045
2020-12-05,0.2802952831405098,5.596951973448796,3.1027874307302596,7.560739645758795,1.0730118615522422,1.2557919704013976,9.889543477712433,1.1761187165341997,6.8906811842858176,9.858353170593945,10.791737684410792,6.567527776777541,9.889543477712433,0.15202610594392457
2020-12-06,0.4320485459057335,0.592315667889583,2.1475560954096578,0.5774665109035152,1.0645523215078405,1.245882654714658,2.8879014871260136,0.3471399750316291,5.335440756765743,9.7806306994762,10.706581274715697,5.499671754182721,2.8879014871260136,0.12730721653200744
2020-12-07,0.3045279893027694,0.7922971667613911,1.6656025610154637,0.8057623507456425,1.0351844871132716,1.2098537303243428,3.0508005681832566,0.43101583846846103,4.46213536251167,9.51081216932654,10.396964148443207,4.178629351657889,3.0508005681832566,0.09672753128837708
2020-12-08,0.2621745122572443,2.6228836338204022,2.003344254992226,3.1738914155802362,1.0239333213314015,1.196608181382414,5.3944329182940525,0.9204375903098594,5.081674741339847,9.407441489250253,10.283137580797904,4.471964191614069,5.3944329182940525,0.10351768962069605
2020-12-09,0.3214497180314099,3.53073081409496,2.568000532468824,4.4608987785557535,1.0392555677877144,1.2165551678432422,6.71670951418671,1.0505823248140018,6.044405022965982,9.548215438118534,10.45455342876749,5.519367615257861,6.71670951418671,0.1277631392420801
2020-12-10,0.37999349260447296,7.719604114165693,4.662171913769739,10.926613351824193,1.1475320939877134,1.3524053452472187,13.426550791059125,1.123711195963704,9.101837223361937,10.543011743371387,11.621991598049442,9.081339501403276,13.426550791059125,0.21021619216211287
2020-12-11,0.547802486257353,2.149238679071402,3.6076860259426393,2.526607062769745,1.1976173682181561,1.4146868666998649,5.138911297687766,0.8283607866752671,7.6433898764907,11.003172846619092,12.157212285826356,8.066990711434467,5.138911297687766,0.18673589609802008
2020-12-12,0.4538855461464937,0.8756132780422085,2.5326290750634843,0.9035182060257323,1.1942955209527724,1.4099093271923546,3.5077230541708593,0.4633166760116625,5.9863740794694245,10.972653199358575,12.11615616000523,5.832953239652333,3.5077230541708593,0.1350220657326929
2020-12-13,0.34561194189136685,0.23534705629852715,1.6981629621582452,0.2006666053361419,1.1536608715424719,1.3586172442989461,2.7129447211775597,0.1667108362815708,4.523558173609707,10.5993202109697,11.675373994710933,4.101765557581539,2.7129447211775597,0.09494827679586895
2020-12-14,0.2513939461137051,1.6357623215230348,1.6765292709493906,1.8482313374172756,1.1160390838569312,1.3114528582087392,4.275723279482946,0.7051984195859937,4.482791224183351,10.253668048861607,11.270063485702746,3.8981160912234123,4.275723279482946,0.09023416877831973
2020-12-15,0.27788143639718677,1.5737092677301445,1.6410126291355591,1.768160572255358,1.0805082233008039,1.2672037682927415,4.115872563848903,0.6884041867082438,4.415487862777937,9.927226390229137,10.88980578187723,3.9949733368004896,4.115872563848903,0.09247623464815947
2020-12-16,0.27337891830339944,2.1567761241868397,1.820778945752063,2.5367572348618603,1.0565734559453865,1.2376948051011425,4.831025495908389,0.8299765884023911,4.751485041212713,9.707324450557785,10.636218406254116,4.373060296711988,4.831025495908389,0.10122824760907378
2020-12-17,0.2989307691759763,3.653209017458755,2.4894836471289277,4.638556518439986,1.0651502492163136,1.2489355463705971,6.952642314026897,1.064113417768409,5.915210411542539,9.786124191889307,10.73281651646461,5.5424480949432615,6.952642314026897,0.1282974096051681
2020-12-18,0.3737876066815653,0.8603281294462486,1.8927074787499913,0.885478626837438,1.0459673656267414,1.225383141065989,3.1568291335301684,0.4574960936400543,4.882831062238796,9.60988043538244,10.53041724502874,4.743675919307455,3.1568291335301684,0.10980731294693183
2020-12-19,0.28613885783327453,11.959762523812863,6.026868479207437,18.03938877226386,1.2151401605924088,1.437198027047014,20.69172695990328,0.6298354256394205,10.815725106844223,11.164164427374292,12.350663544604902,11.350157757895204,20.69172695990328,0.2627351332846112
2020-12-20,0.6133898276534608,2.5231099056220323,4.479767580310488,3.0360116437847533,1.297924622944009,1.539772791972908,5.87370905870167,0.902570281250914,8.859067432155767,11.924751049146764,13.232147088226004,10.325603295356164,5.87370905870167,0.23901859479991122
2020-12-21,0.5230119224176081,2.9183276649988867,3.8236960148764045,3.5865623061690033,1.3429907192460284,1.594693462591996,6.524246488007028,0.9689556944876045,7.9536990822782485,12.33879818998881,13.704111780422338,8.327657137090366,6.524246488007028,0.19276984113635107
2020-12-22,0.4780081642686185,3.276705808260781,3.5992574398948762,4.09530652974979,1.3735097960805296,1.631244872256384,7.100061198086704,1.0196407982754003,7.6311474506441535,12.619193820881241,14.018218921087868,7.452866002605467,7.100061198086704,0.17252004635660806
2020-12-23,0.4634143771191082,0.21719085802414176,2.2817939658442796,0.18303946990182757,1.3416085230022188,1.589762426350326,3.1144104192543725,0.15599609323032282,5.566544342824016,12.326099188970469,13.661736569490376,5.487373153943336,3.1144104192543725,0.12702252671165132
2020-12-24,0.15599609323032282,0.0,1.474052655491564,0.0,1.2764052067418394,1.5070970612225092,2.783502267964349,0.0,4.092491687332451,11.727040275810955,12.951345870177105,3.9743180906674773,2.783502267964349,0.09199810395063605
2020-12-25,0.2194066816849902,0.28194965216735957,1.0848951611647453,0.24679229756829202,1.2000491046952422,1.41112390735846,2.857965309621994,0.19333193218565703,3.2895461783350655,11.02551455398312,12.126593741115983,3.2564363090589135,2.857965309621994,0.07538047011710448
2020-12-26,0.1866535951419559,4.697320394328541,2.333143982406953,6.186030882187682,1.1874907192070758,1.3954790748811707,8.769000676275928,1.1464999600003978,5.6537225902566535,10.910133723788283,11.992148759629526,5.503021848582397,8.769000676275928,0.1273847650134814
2020-12-27,0.36415559340143244,1.478217469062214,2.0202346395992428,1.645840645677562,1.1620511723812263,1.3638361734611248,4.171727991519913,0.6616611369231715,5.111705419719625,10.67640654322731,11.72022323394739,5.390243713161541,4.171727991519913,0.12477416002688754
2020-12-28,0.30928053783549364,6.85902157185873,3.9037105581972065,9.543300308039058,1.2240635533026742,1.441603752533253,12.208967613874984,1.1636523800534029,8.06701643338115,11.246148569367318,12.388524460168663,8.211015521385153,12.208967613874984,0.19006980373576746
2020-12-29,0.4944504356953332,2.5454310807087,3.3492594265025977,3.0667901975954774,1.2549801583548288,1.4800281897233334,5.801798545673639,0.9066351468830032,7.263188087587253,11.530196511762844,12.718727596197573,7.739562465000687,5.801798545673639,0.1791565385416826
2020-12-30,0.4376700759438529,2.729592567137698,3.102515748058853,3.322199885299638,1.2717325647482283,1.5005462398893814,6.094478689937247,0.93870207687225,6.890264906666099,11.68411013061561,12.89505092076605,6.870819336158421,6.094478689937247,0.15904674389255605
